title,abstract,authors,year,source,doi,open_access_raw,cited_by_raw,document_type,publisher,keywords,url,source_file,cited_by,open_access,strict_include,relaxed_include,multistep_conf,comp_hits,rel_hits,pipeline_hit,data_signal,data_hits,selection_reason,domain,access_status_guess,pdf_url_guess,downloadable_direct_guess,requires_institution_guess,suggested_filename
Support vector learning for semantic argument classification,"The natural language processing community has recently experienced a growth of interest in domain independent shallow semantic parsing-the process of assigning a Who did What to Whom, When, Where, Why, How etc. structure to plain text. This process entails identifying groups of words in a sentence that represent these semantic arguments and assigning specific labels to them. It could play a key role in NLP tasks like Information Extraction, Question Answering and Summarization. We propose a machine learning algorithm for semantic role parsing, extending the work of Gildea and Jurafsky (2002), Surdeanu et al. (2003) and others. Our algorithm is based on Support Vector Machines which we show give large improvement in performance over earlier classifiers. We show performance improvements through a number of new features designed to improve generalization to unseen data, such as automatic clustering of verbs. We also report on various analytic studies examining which features are most important, comparing our classifier to other machine learning algorithms in the literature, and testing its generalization to new test set from different genre. On the task of assigning semantic labels to the PropBank (Kingsbury, Palmer, & Marcus, 2002) corpus, our final system has a precision of 84% and a recall of 75%, which are the best results currently reported for this task. Finally, we explore a completely different architecture which does not requires a deep syntactic parse. We reformulate the task as a combined chunking and classification problem, thus allowing our algorithm to be applied to new languages or genres of text for which statistical syntactic parsers may not be available.",Pradhan S.; Hacioglu K.; Krugler V.; Ward W.; Martin J.H.; Jurafsky D.,2005,Machine Learning,10.1007/s10994-005-0912-2,All Open Access; Bronze Open Access,210,Article,,Shallow semantic parsing; Support vector machines,https://www.scopus.com/inward/record.uri?eid=2-s2.0-24044446171&doi=10.1007%2fs10994-005-0912-2&partnerID=40&md5=db5637ecfaff3c0e3a2c06e0bdcf4372,scopus(3).csv,210,True,True,True,0.94,1,1,False,True,1,Argument-mining context detected.; Component analysis terms (1).; Relation/linking terms (1).; Explicit 'component + relation' (multi-step).; Data/Corpus mention (1).,scopus.com,open_access,,False,False,Support_vector_learning_for_semantic_argument_classification_2005.pdf
Five years of argument mining: A Data-driven Analysis,"Argument mining is the research area aiming at extracting natural language arguments and their relations from text, with the final goal of providing machine-processable structured data for computational models of argument. This research topic has started to attract the attention of a small community of researchers around 2014, and it is nowadays counted as one of the most promising research areas in Artificial Intelligence in terms of growing of the community, funded projects, and involvement of companies. In this paper, we present the argument mining tasks, and we discuss the obtained results in the area from a data-driven perspective. An open discussion highlights the main weaknesses suffered by the existing work in the literature, and proposes open challenges to be faced in the future. © 2018 International Joint Conferences on Artificial Intelligence.All right reserved.",Cabrio E.; Villata S.,2018,IJCAI International Joint Conference on Artificial Intelligence,10.24963/ijcai.2018/766,All Open Access; Bronze Open Access,148,Conference paper,,,https://www.scopus.com/inward/record.uri?eid=2-s2.0-85055709953&doi=10.24963%2fijcai.2018%2f766&partnerID=40&md5=23c15d457e11bc515955222957fe1f54,scopus(3).csv,148,True,True,True,0.91,1,2,False,False,0,Argument-mining context detected.; Component analysis terms (1).; Relation/linking terms (2).; Explicit 'component + relation' (multi-step).,scopus.com,open_access,,False,False,Five_years_of_argument_mining_A_Data-driven_Analysis_2018.pdf
Joint prediction in MST-style discourse parsing for argumentation mining,"We introduce a new approach to argumentation mining that we applied to a parallel German/English corpus of short texts annotated with argumentation structure. We focus on structure prediction, which we break into a number of sub tasks: relation identification, central claim identification, role classification, and function classification. Our new model jointly predicts different aspects of the structure by combining the different subtask predictions in the edge weights of an evidence graph; we then apply a standard MST decoding algorithm. This model not only outperforms two reasonable baselines and two datadriven models of global argument structure for the difficult subtask of relation identification, but also improves the results for central claim identification and function classification and it compares favorably to a complex mstparser pipeline. © 2015 Association for Computational Linguistics.",Peldszus A.; Stede M.,2015,Conference Proceedings - EMNLP 2015: Conference on Empirical Methods in Natural Language Processing,10.18653/v1/d15-1110,All Open Access; Green Open Access; Hybrid Gold Open Access,128,Conference paper,,,https://www.scopus.com/inward/record.uri?eid=2-s2.0-84959884964&doi=10.18653%2fv1%2fd15-1110&partnerID=40&md5=7b82407381653be1608602c87d97b6e8,scopus(3).csv,128,True,True,True,1.08,1,3,True,True,1,Argument-mining context detected.; Component analysis terms (1).; Relation/linking terms (3).; Pipeline/multi-stage phrasing.; Explicit 'component + relation' (multi-step).; Data/Corpus mention (1).,scopus.com,open_access,https://aclanthology.org/d15-1110.pdf,True,False,Joint_prediction_in_MST-style_discourse_parsing_for_argumentation_mining_2015.pdf
Broad-coverage biomedical relation extraction with SemRep,"Background: In the era of information overload, natural language processing (NLP) techniques are increasingly needed to support advanced biomedical information management and discovery applications. In this paper, we present an in-depth description of SemRep, an NLP system that extracts semantic relations from PubMed abstracts using linguistic principles and UMLS domain knowledge. We also evaluate SemRep on two datasets. In one evaluation, we use a manually annotated test collection and perform a comprehensive error analysis. In another evaluation, we assess SemRep's performance on the CDR dataset, a standard benchmark corpus annotated with causal chemical-disease relationships. Results: A strict evaluation of SemRep on our manually annotated dataset yields 0.55 precision, 0.34 recall, and 0.42 F 1 score. A relaxed evaluation, which more accurately characterizes SemRep performance, yields 0.69 precision, 0.42 recall, and 0.52 F 1 score. An error analysis reveals named entity recognition/normalization as the largest source of errors (26.9%), followed by argument identification (14%) and trigger detection errors (12.5%). The evaluation on the CDR corpus yields 0.90 precision, 0.24 recall, and 0.38 F 1 score. The recall and the F 1 score increase to 0.35 and 0.50, respectively, when the evaluation on this corpus is limited to sentence-bound relationships, which represents a fairer evaluation, as SemRep operates at the sentence level. Conclusions: SemRep is a broad-coverage, interpretable, strong baseline system for extracting semantic relations from biomedical text. It also underpins SemMedDB, a literature-scale knowledge graph based on semantic relations. Through SemMedDB, SemRep has had significant impact in the scientific community, supporting a variety of clinical and translational applications, including clinical decision making, medical diagnosis, drug repurposing, literature-based discovery and hypothesis generation, and contributing to improved health outcomes. In ongoing development, we are redesigning SemRep to increase its modularity and flexibility, and addressing weaknesses identified in the error analysis. © 2020 The Author(s).",Kilicoglu H.; Rosemblat G.; Fiszman M.; Shin D.,2020,BMC Bioinformatics,10.1186/s12859-020-3517-7,All Open Access; Gold Open Access; Green Open Access,76,Article,,Biomedical relation extraction; Natural language processing; Scientific publications; Semantic interpretation,https://www.scopus.com/inward/record.uri?eid=2-s2.0-85084825129&doi=10.1186%2fs12859-020-3517-7&partnerID=40&md5=b969041f5ce9b844abcf2a6eeade2b36,scopus(3).csv,76,True,True,True,1.12,2,4,True,True,5,Argument-mining context detected.; Component analysis terms (2).; Relation/linking terms (4).; Pipeline/multi-stage phrasing.; Explicit 'component + relation' (multi-step).; Data/Corpus mention (5).,scopus.com,open_access,,False,False,Broad-coverage_biomedical_relation_extraction_with_SemRep_2020.pdf
AmperSand: Argument mining for persuasive online discussions,"Argumentation is a type of discourse where speakers try to persuade their audience about the reasonableness of a claim by presenting supportive arguments. Most work in argument mining has focused on modeling arguments in monologues. We propose a computational model for argument mining in online persuasive discussion forums that brings together the micro-level (argument as product) and macro-level (argument as process) models of argumentation. Fundamentally, this approach relies on identifying relations between components of arguments in a discussion thread. Our approach for relation prediction uses contextual information in terms of fine-tuning a pre-trained language model and leveraging discourse relations based on Rhetorical Structure Theory. We additionally propose a candidate selection method to automatically predict what parts of one's argument will be targeted by other participants in the discussion. Our models obtain significant improvements compared to recent state-of-the-art approaches using pointer networks and a pre-trained language model. © 2019 Association for Computational Linguistics",Chakrabarty T.; Hidey C.; Muresan S.; McKeown K.; Hwang A.,2019,"EMNLP-IJCNLP 2019 - 2019 Conference on Empirical Methods in Natural Language Processing and 9th International Joint Conference on Natural Language Processing, Proceedings of the Conference",,,69,Conference paper,,,https://www.scopus.com/inward/record.uri?eid=2-s2.0-85084316893&partnerID=40&md5=a4701b69b269173ac0a567da2565cc82,scopus(3).csv,69,,True,True,0.97,3,3,False,False,0,Argument-mining context detected.; Component analysis terms (3).; Relation/linking terms (3).; Explicit 'component + relation' (multi-step).,scopus.com,unknown,,False,False,AmperSand_Argument_mining_for_persuasive_online_discussions_2019.pdf
A Survey on Stance Detection for Mis- and Disinformation Identification,"Understanding attitudes expressed in texts, also known as stance detection, plays an important role in systems for detecting false information online, be it misinformation (unintentionally false) or disinformation (intentionally false information). Stance detection has been framed in different ways, including (a) as a component of fact-checking, rumour detection, and detecting previously fact-checked claims, or (b) as a task in its own right. While there have been prior efforts to contrast stance detection with other related tasks such as argumentation mining and sentiment analysis, there is no existing survey on examining the relationship between stance detection and mis- and disinformation detection. Here, we aim to bridge this gap by reviewing and analysing existing work in this area, with mis- and disinformation in focus, and discussing lessons learnt and future challenges. © Findings of the Association for Computational Linguistics: NAACL 2022 - Findings.",Hardalov M.; Arora A.; Nakov P.; Augenstein I.,2022,Findings of the Association for Computational Linguistics: NAACL 2022 - Findings,10.18653/v1/2022.findings-naacl.94,All Open Access; Green Open Access; Hybrid Gold Open Access,62,Conference paper,,,https://www.scopus.com/inward/record.uri?eid=2-s2.0-85136962653&doi=10.18653%2fv1%2f2022.findings-naacl.94&partnerID=40&md5=63761f86fbecb1729aaea8ff3017fd5d,scopus(3).csv,62,True,True,True,0.93,2,2,False,False,0,Argument-mining context detected.; Component analysis terms (2).; Relation/linking terms (2).; Explicit 'component + relation' (multi-step).,scopus.com,open_access,https://aclanthology.org/2022.findings-naacl.94.pdf,True,False,A_Survey_on_Stance_Detection_for_Mis-_and_Disinformation_Identification_2022.pdf
A corpus of erulemaking user comments for measuring evaluability of arguments,"eRulemaking is a means for government agencies to directly reach citizens to solicit their opinions and experiences regarding newly proposed rules. The effort, however, is partly hampered by citizens' comments that lack reasoning and evidence, which are largely ignored since government agencies are unable to evaluate the validity and strength. We present Cornell eRulemaking Corpus - CDCP, an argument mining corpus annotated with argumentative structure information capturing the evaluability of arguments. The corpus consists of 731 user comments on Consumer Debt Collection Practices (CDCP) rule by the Consumer Financial Protection Bureau (CFPB); the resulting dataset contains 4931 elementary unit and 1221 support relation annotations. It is a resource for building argument mining systems that can not only extract arguments from unstructured text, but also identify what additional information is necessary for readers to understand and evaluate a given argument. Immediate applications include providing real-time feedback to commenters, specifying which types of support for which propositions can be added to construct better-formed arguments. © LREC 2018 - 11th International Conference on Language Resources and Evaluation. All rights reserved.",Park J.; Cardie C.,2019,LREC 2018 - 11th International Conference on Language Resources and Evaluation,,,56,Conference paper,,Argument mining; E-government; E-rulemaking; Text analytics,https://www.scopus.com/inward/record.uri?eid=2-s2.0-85059901935&partnerID=40&md5=918966a4dc9edb91cb97c751adf26ccd,scopus(3).csv,56,,True,True,0.96,1,2,False,True,3,Argument-mining context detected.; Component analysis terms (1).; Relation/linking terms (2).; Explicit 'component + relation' (multi-step).; Data/Corpus mention (3).,scopus.com,unknown,,False,False,A_corpus_of_erulemaking_user_comments_for_measuring_evaluability_of_arguments_2019.pdf
Argument extraction for supporting public policy formulation,"In this paper we describe an application of language technology to policy formulation, where it can support policy makers assess the acceptance of a yet-unpublished policy before the policy enters public consultation. One of the key concepts is that instead of relying on thematic similarity, we extract arguments expressed in support or opposition of positions that are general statements that are, themselves, consistent with the policy or not. The focus of this paper in this overall pipeline, is identifying arguments in text: we present and empirically evaluate the hypothesis that verbal tense and mood are good indicators of arguments that have not been explored in the relevant literature. © 2013 Proceedings of the Annual Meeting of the Association for Computational Linguistics. All rights reserved.",Florou E.; Konstantopoulos S.; Kukurikos A.; Karampiperis P.,2013,Proceedings of the Annual Meeting of the Association for Computational Linguistics,,,55,Conference paper,,,https://www.scopus.com/inward/record.uri?eid=2-s2.0-85121781797&partnerID=40&md5=9c66ca3652cc00cffcbc10e585647b4a,scopus(3).csv,55,,True,True,0.67,0,1,True,False,0,Argument-mining context detected.; Relation/linking terms (1).; Pipeline/multi-stage phrasing.,scopus.com,unknown,,False,False,Argument_extraction_for_supporting_public_policy_formulation_2013.pdf
Argumentation Mining,"Argumentation mining is an application of natural language processing (NLP) that emerged a few years ago and has recently enjoyed considerable popularity, as demonstrated by a series of international workshops and by a rising number of publications at the major conferences and journals of the field. Its goals are to identify argumentation in text or dialogue; to construct representations of the constellation of claims, supporting and attacking moves (in different levels of detail); and to characterize the patterns of reasoning that appear to license the argumentation. Furthermore, recent work also addresses the difficult tasks of evaluating the persuasiveness and quality of arguments. Some of the linguistic genres that are being studied include legal text, student essays, political discourse and debate, newspaper editorials, scientific writing, and others. The book starts with a discussion of the linguistic perspective, characteristics of argumentative language, and their relationship to certain other notions such as subjectivity. Besides the connection to linguistics, argumentation has for a long time been a topic in Artificial Intelligence, where the focus is on devising adequate representations and reasoning formalisms that capture the properties of argumentative exchange. It is generally very difficult to connect the two realms of reasoning and text analysis, but we are convinced that it should be attempted in the long term, and therefore we also touch upon some fundamentals of reasoning approaches. Then the book turns to its focus, the computational side of mining argumentation in text. We first introduce a number of annotated corpora that have been used in the research. From the NLP perspective, argumentation mining shares subtasks with research fields such as subjectivity and sentiment analysis, semantic relation extraction, and discourse parsing. Therefore, many technical approaches are being borrowed from those (and other) fields. We break argumentation mining into a series of subtasks, starting with the preparatory steps of classifying text as argumentative (or not) and segmenting it into elementary units. Then, central steps are the automatic identification of claims, and finding statements that support or oppose the claim. For certain applications, it is also of interest to compute a full structure of an argumentative constellation of statements. Next, we discuss a few steps that try to 'dig deeper': to infer the underlying reasoning pattern for a textual argument, to reconstruct unstated premises (so-called 'enthymemes'), and to evaluate the quality of the argumentation. We also take a brief look at 'the other side' of mining, i.e., the generation or synthesis of argumentative text. The book finishes with a summary of the argumentation mining tasks, a sketch of potential applications, and a-necessarily subjective-outlook for the field. © 2019 by Morgan & Claypool.",Stede M.; Schneider J.,2018,Synthesis Lectures on Human Language Technologies,10.2200/S00883ED1V01Y201811HLT040,,48,Article,,argument models; argumentation mining; argumentative language; claim detection; enthymemes %generating argumentative text; evidence detection; natural language processing,https://www.scopus.com/inward/record.uri?eid=2-s2.0-85061332643&doi=10.2200%2fS00883ED1V01Y201811HLT040&partnerID=40&md5=24774f3a5e33624372cae8df28e6f8d0,scopus(3).csv,48,,True,True,1.02,4,5,False,True,2,Argument-mining context detected.; Component analysis terms (4).; Relation/linking terms (5).; Explicit 'component + relation' (multi-step).; Data/Corpus mention (2).,scopus.com,unknown,,False,False,Argumentation_Mining_2018.pdf
Transformer-Based Models for Automatic Identification of Argument Relations: A Cross-Domain Evaluation,"Argument mining is defined as the task of automatically identifying and extracting argumentative components (e.g., premises, claims, etc.) and detecting the existing relations among them (i.e., support, attack, rephrase, no relation). One of the main issues when approaching this problem is the lack of data, and the size of the publicly available corpora. In this work, we use the recently annotated US2016 debate corpus. US2016 is the largest existing argument annotated corpus, which allows exploring the benefits of the most recent advances in natural language processing in a complex domain like argument (relation) mining. We present an exhaustive analysis of the behavior of transformer-based models (i.e., BERT, XLNET, RoBERTa, DistilBERT, and ALBERT) when predicting argument relations. Finally, we evaluate the models in five different domains, with the objective of finding the less domain-dependent model. We obtain a macro F1-score of 0.70 with the US2016 evaluation corpus, and a macro F1-score of 0.61 with the Moral Maze cross-domain corpus.  © 2001-2011 IEEE.",Ruiz-Dolz R.; Alemany J.; Barbera S.M.H.; Garcia-Fornes A.,2021,IEEE Intelligent Systems,10.1109/MIS.2021.3073993,All Open Access; Green Open Access,39,Article,,,https://www.scopus.com/inward/record.uri?eid=2-s2.0-85104598146&doi=10.1109%2fMIS.2021.3073993&partnerID=40&md5=58175d56b84cef46d9e4335951ce4e78,scopus(3).csv,39,True,True,True,1.02,4,6,False,True,3,Argument-mining context detected.; Component analysis terms (4).; Relation/linking terms (6).; Explicit 'component + relation' (multi-step).; Data/Corpus mention (3).,scopus.com,open_access,,False,False,Transformer-Based_Models_for_Automatic_Identification_of_Argument_Relations_A_Cross-Domain_Evaluation_2021.pdf
Enhancing evidence-based medicine with natural language argumentative analysis of clinical trials,"In the latest years, the healthcare domain has seen an increasing interest in the definition of intelligent systems to support clinicians in their everyday tasks and activities. Among others, also the field of Evidence-Based Medicine is impacted by this twist, with the aim to combine the reasoning frameworks proposed thus far in the field with mining algorithms to extract structured information from clinical trials, clinical guidelines, and Electronic Health Records. In this paper, we go beyond the state of the art by proposing a new end-to-end pipeline to address argumentative outcome analysis on clinical trials. More precisely, our pipeline is composed of (i) an Argument Mining module to extract and classify argumentative components (i.e., evidence and claims of the trial) and their relations (i.e., support, attack), and (ii) an outcome analysis module to identify and classify the effects (i.e., improved, increased, decreased, no difference, no occurrence) of an intervention on the outcome of the trial, based on PICO elements. We annotated a dataset composed of more than 500 abstracts of Randomized Controlled Trials (RCT) from the MEDLINE database, leading to a labeled dataset with 4198 argument components, 2601 argument relations, and 3351 outcomes on five different diseases (i.e., neoplasm, glaucoma, hepatitis, diabetes, hypertension). We experiment with deep bidirectional transformers in combination with different neural architectures (i.e., LSTM, GRU and CRF) and obtain a macro F1-score of.87 for component detection and.68 for relation prediction, outperforming current state-of-the-art end-to-end Argument Mining systems, and a macro F1-score of.80 for outcome classification. © 2021 Elsevier B.V.",Mayer T.; Marro S.; Cabrio E.; Villata S.,2021,Artificial Intelligence in Medicine,10.1016/j.artmed.2021.102098,All Open Access; Bronze Open Access; Green Open Access,38,Article,,Argument mining; Biomedical natural language processing; Clinical decision support systems; Information extraction; PICO analysis; Randomized controlled trials,https://www.scopus.com/inward/record.uri?eid=2-s2.0-85110644673&doi=10.1016%2fj.artmed.2021.102098&partnerID=40&md5=fefa0398a2c0058c4b00ac1fc265a900,scopus(3).csv,38,True,True,True,1.12,5,6,True,True,1,Argument-mining context detected.; Component analysis terms (5).; Relation/linking terms (6).; Pipeline/multi-stage phrasing.; Explicit 'component + relation' (multi-step).; Data/Corpus mention (1).,scopus.com,open_access,,False,False,Enhancing_evidence-based_medicine_with_natural_language_argumentative_analysis_of_clinical_trials_2021.pdf
DART: A Dataset of Arguments and their Relations on Twitter,"The problem of understanding the stream of messages exchanged on social media such as Facebook and Twitter is becoming a major challenge for automated systems. The tremendous amount of data exchanged on these platforms as well as the specific form of language adopted by social media users constitute a new challenging context for existing argument mining techniques. In this paper, we describe a resource of natural language arguments called DART (Dataset of Arguments and their Relations on Twitter) where the complete argument mining pipeline over Twitter messages is considered: (i) we identify which tweets can be considered as arguments and which cannot, and (ii) we identify what is the relation, i.e., support or attack, linking such tweets to each other.",Bosc T.; Cabrio E.; Villata S.,2016,"Proceedings of the 10th International Conference on Language Resources and Evaluation, LREC 2016",,,37,Conference paper,,Argument mining; Social media; Textual entailment,https://www.scopus.com/inward/record.uri?eid=2-s2.0-85037157145&partnerID=40&md5=385ad5da4534d2aa61407bc5c788aaef,scopus(3).csv,37,,True,True,0.82,0,6,True,True,1,Argument-mining context detected.; Relation/linking terms (6).; Pipeline/multi-stage phrasing.; Data/Corpus mention (1).,scopus.com,unknown,,False,False,DART_A_Dataset_of_Arguments_and_their_Relations_on_Twitter_2016.pdf
A neural transition-based model for argumentation mining,"The goal of argumentation mining is to automatically extract argumentation structures from argumentative texts. Most existing methods determine argumentative relations by exhaustively enumerating all possible pairs of argument components, which suffer from low efficiency and class imbalance. Moreover, due to the complex nature of argumentation, there is, so far, no universal method that can address both tree and non-tree structured argumentation. Towards these issues, we propose a neural transition-based model for argumentation mining, which incrementally builds an argumentation graph by generating a sequence of actions, avoiding inefficient enumeration operations. Furthermore, our model can handle both tree and non-tree structured argumentation without introducing any structural constraints. Experimental results show that our model achieves the best performance on two public datasets of different structures. © 2021 Association for Computational Linguistics",Bao J.; Fan C.; Wu J.; Dang Y.; Du J.; Xu R.,2021,"ACL-IJCNLP 2021 - 59th Annual Meeting of the Association for Computational Linguistics and the 11th International Joint Conference on Natural Language Processing, Proceedings of the Conference",10.18653/v1/2021.acl-long.497,All Open Access; Hybrid Gold Open Access,36,Conference paper,,,https://www.scopus.com/inward/record.uri?eid=2-s2.0-85118935118&doi=10.18653%2fv1%2f2021.acl-long.497&partnerID=40&md5=7cc77a67b581561c27193ac05066c268,scopus(3).csv,36,True,True,True,1.02,4,2,False,True,2,Argument-mining context detected.; Component analysis terms (4).; Relation/linking terms (2).; Explicit 'component + relation' (multi-step).; Data/Corpus mention (2).,scopus.com,open_access,https://aclanthology.org/2021.acl-long.497.pdf,True,False,A_neural_transition-based_model_for_argumentation_mining_2021.pdf
Tweeties Squabbling: Positive and Negative Results in Applying Argument Mining on Social Media,"The problem of understanding the stream of messages exchanged on social media such as Facebook and Twitter is becoming a major challenge for automated systems. The tremendous amount of data exchanged on these platforms as well as the specific form of language adopted by social media users constitute a new challenging context for existing argument mining techniques. In this paper, we describe an ongoing work towards the creation of a complete argument mining pipeline over Twitter messages: (i) we identify which tweets can be considered as arguments and which cannot, (ii) over the set of tweet-arguments, we group them by topic, and (iii) we predict whether such tweets support or attack each other. The final goal is to compute the set of tweets which are widely recognized as accepted, and the different (possibly conflicting) viewpoints that emerge on a topic, given a stream of messages. © 2016 The authors and IOS Press.",Bosc T.; Cabrio E.; Villata S.,2016,Frontiers in Artificial Intelligence and Applications,10.3233/978-1-61499-686-6-21,,35,Conference paper,,Argument mining; Social media; Supervised classification approaches,https://www.scopus.com/inward/record.uri?eid=2-s2.0-85139092947&doi=10.3233%2f978-1-61499-686-6-21&partnerID=40&md5=e73abc052606882badde1471c6416e35,scopus(3).csv,35,,True,True,0.69,0,2,True,False,0,Argument-mining context detected.; Relation/linking terms (2).; Pipeline/multi-stage phrasing.,scopus.com,unknown,,False,False,Tweeties_Squabbling_Positive_and_Negative_Results_in_Applying_Argument_Mining_on_Social_Media_2016.pdf
Design and evaluation of an adaptive dialog-based tutoring system for argumentation skills,"Recent advances in Natural Language Processing not only bear the opportunity to design new dialog-based forms of human-computer interaction but also to analyze the argumentation quality of texts. Both can be leveraged to provide students with individual and adaptive tutoring in their personal learning journey to develop argumentation skills. Therefore, we present the results of our design science research project on how to design an adaptive dialog-based tutoring system to help students to learn how to argue. Our results indicate the usefulness of an adaptive dialog-based tutoring system to support students individually, independent of a human instructor, time and place. In addition to providing our embedded software artifact, we document our evaluated design knowledge as a design theory. Thus, we provide the first step toward a nascent design theory for adaptive conversational tutoring systems to individual support metacognition skill education of students in traditional learning scenarios. © ICIS 2020. All rights reserved.",Wambsganss T.; Söllner M.; Leimeister J.M.,2020,"International Conference on Information Systems, ICIS 2020 - Making Digital Inclusive: Blending the Local and the Global",,,33,Conference paper,,Adaptive learning; Argumentation learning; Argumentation mining; Dialog-based learning systems; Pedagogical conversational agents,https://www.scopus.com/inward/record.uri?eid=2-s2.0-85103438590&partnerID=40&md5=197a23473466ac616ac4014a8e053b6a,scopus(3).csv,33,,True,True,0.91,1,2,False,False,0,Argument-mining context detected.; Component analysis terms (1).; Relation/linking terms (2).; Explicit 'component + relation' (multi-step).,scopus.com,unknown,,False,False,Design_and_evaluation_of_an_adaptive_dialog-based_tutoring_system_for_argumentation_skills_2020.pdf
Fallacious Argument Classification in Political Debates,"Fallacies play a prominent role in argumentation since antiquity due to their contribution to argumentation in critical thinking education. Their role is even more crucial nowadays as contemporary argumentation technologies face challenging tasks as misleading and manipulative information detection in news articles and political discourse, and counter-narrative generation. Despite some work in this direction, the issue of classifying arguments as being fallacious largely remains a challenging and an unsolved task. Our contribution is twofold: first, we present a novel annotated resource of 31 political debates from the U.S. Presidential Campaigns, where we annotated six main categories of fallacious arguments (i.e., ad hominem, appeal to authority, appeal to emotion, false cause, slogan, slippery slope) leading to 1628 annotated fallacious arguments; second, we tackle this novel task of fallacious argument classification and we define a neural architecture based on transformers outperforming state-of-the-art results and standard baselines. Our results show the important role played by argument components and relations in this task. © 2022 International Joint Conferences on Artificial Intelligence. All rights reserved.",Goffredo P.; Haddadan S.; Vorakitphan V.; Cabrio E.; Villata S.,2022,IJCAI International Joint Conference on Artificial Intelligence,10.24963/ijcai.2022/575,All Open Access; Bronze Open Access; Green Open Access,31,Conference paper,,,https://www.scopus.com/inward/record.uri?eid=2-s2.0-85137894502&doi=10.24963%2fijcai.2022%2f575&partnerID=40&md5=cba7279eeb231a7ece8990e208abd29e,scopus(3).csv,31,True,True,True,0.97,4,2,False,False,0,Argument-mining context detected.; Component analysis terms (4).; Relation/linking terms (2).; Explicit 'component + relation' (multi-step).,scopus.com,open_access,,False,False,Fallacious_Argument_Classification_in_Political_Debates_2022.pdf
Towards mining scientific discourse using argumentation schemes,"The dominant approach to argument mining has been to treat it as a machine learning problem based upon superficial text features, and to treat the relationships between arguments as either support or attack. However, accurately summarizing argumentation in scientific research articles requires a deeper understanding of the text and a richer model of relationships between arguments. First, this paper presents an argumentation scheme-based approach to mining a class of biomedical research articles. Argumentation schemes implemented as logic programs are formulated in terms of semantic predicates that could be obtained from a text by use of biomedical/biological natural language processing tools. The logic programs can be used to extract the underlying scheme name, premises, and implicit or explicit conclusion of an argument. Then this paper explores how arguments in a research article occur within a narrative of scientific discovery, how they are related to each other, and some implications. © 2018-IOS Press and the authors.",Green N.L.,2018,Argument and Computation,10.3233/AAC-180038,All Open Access; Gold Open Access,31,Article,,Argument mining; argumentation mining; argumentation schemes; discovery dialogue; scientific discourse; scientific discovery,https://www.scopus.com/inward/record.uri?eid=2-s2.0-85050853497&doi=10.3233%2fAAC-180038&partnerID=40&md5=d4c468c9dff9ce956cf3fe69aa0f609a,scopus(3).csv,31,True,True,True,0.97,2,4,False,False,0,Argument-mining context detected.; Component analysis terms (2).; Relation/linking terms (4).; Explicit 'component + relation' (multi-step).,scopus.com,open_access,,False,False,Towards_mining_scientific_discourse_using_argumentation_schemes_2018.pdf
Joint Extraction of Argument Components and Relations,"Argumentation mining (AM) aims at automatically extracting argument structures in documents. AM consists of three sub-tasks: argument identification, argument component classification and relation prediction. Some recent end-to-end AM works produce promising results, but their performances on the latter two AM sub-tasks are not satisfactory. To tackle this problem, in this work, we propose a framework that solves these two sub-tasks at the same time. We approach the problem by selecting linguistic features between sentence pairs, and training supervised learning models to label the argument component types and the relations at the same time. Our experiments on the persuasive essay corpus show that our system can achieve competitive labelling accuracy compared with the state-of-the-art AM techniques.","Du, Yang; Li, Minglan; Li, Mengxue",2017,2017 INTERNATIONAL CONFERENCE ON ASIAN LANGUAGE PROCESSING (IALP),,,31,Proceedings Paper,,,,savedrecs.csv,31,,True,True,1.12,4,2,True,True,2,Argument-mining context detected.; Component analysis terms (4).; Relation/linking terms (2).; Pipeline/multi-stage phrasing.; Explicit 'component + relation' (multi-step).; Data/Corpus mention (2).,,unknown,,False,False,Joint_Extraction_of_Argument_Components_and_Relations_2017.pdf
IAM: A Comprehensive and Large-Scale Dataset for Integrated Argument Mining Tasks,"Traditionally, a debate usually requires a manual preparation process, including reading plenty of articles, selecting the claims, identifying the stances of the claims, seeking the evidence for the claims, etc. As the AI debate attracts more attention these years, it is worth exploring the methods to automate the tedious process involved in the debating system. In this work, we introduce a comprehensive and large dataset named IAM, which can be applied to a series of argument mining tasks, including claim extraction, stance classification, evidence extraction, etc. Our dataset is collected from over 1k articles related to 123 topics. Near 70k sentences in the dataset are fully annotated based on their argument properties (e.g., claims, stances, evidence, etc.). We further propose two new integrated argument mining tasks associated with the debate preparation process: (1) claim extraction with stance classification (CESC) and (2) claim-evidence pair extraction (CEPE). We adopt a pipeline approach and an end-to-end method for each integrated task separately. Promising experimental results are reported to show the values and challenges of our proposed tasks, and motivate future research on argument mining. © 2022 Association for Computational Linguistics.",Cheng L.; Bing L.; He R.; Yu Q.; Zhang Y.; Si L.,2022,Proceedings of the Annual Meeting of the Association for Computational Linguistics,10.18653/v1/2022.acl-long.162,All Open Access; Green Open Access; Hybrid Gold Open Access,28,Conference paper,,,https://www.scopus.com/inward/record.uri?eid=2-s2.0-85143061030&doi=10.18653%2fv1%2f2022.acl-long.162&partnerID=40&md5=7d05ab4c53ee0e574f4f0f3bd1505a4d,scopus(3).csv,28,True,True,True,0.72,1,0,True,True,1,Argument-mining context detected.; Component analysis terms (1).; Pipeline/multi-stage phrasing.; Data/Corpus mention (1).,scopus.com,open_access,https://aclanthology.org/2022.acl-long.162.pdf,True,False,IAM_A_Comprehensive_and_Large-Scale_Dataset_for_Integrated_Argument_Mining_Tasks_2022.pdf
Using argumentative structure to interpret debates in online deliberative democracy and erulemaking,"Governments around the world are increasingly utilising online platforms and social media to engage with, and ascertain the opinions of, their citizens. Whilst policy makers could potentially benefit from such enormous feedback from society, they first face the challenge of making sense out of the large volumes of data produced. In this article, we show how the analysis of argumentative and dialogical structures allows for the principled identification of those issues that are central, controversial, or popular in an online corpus of debates. Although areas such as controversy mining work towards identifying issues that are a source of disagreement, by looking at the deeper argumentative structure, we show that a much richer understanding can be obtained. We provide results from using a pipeline of argument-mining techniques on the debate corpus, showing that the accuracy obtained is sufficient to automatically identify those issues that are key to the discussion, attracting proportionately more support than others, and those that are divisive, attracting proportionately more conflicting viewpoints. 2017 Copyright is held by the owner/author(s).",Lawrence J.; Park J.; Budzynska K.; Cardie C.; Konat B.; Reed C.,2017,ACM Transactions on Internet Technology,10.1145/3032989,All Open Access; Bronze Open Access,27,Article,,Analytics; Argument; Argumentation; Corpus; Dialogue; Engagement; Sensemaking,https://www.scopus.com/inward/record.uri?eid=2-s2.0-85024482229&doi=10.1145%2f3032989&partnerID=40&md5=bd17ddfcb039cb3e88dc0f6805cb42b6,scopus(3).csv,27,True,True,True,0.72,0,1,True,True,1,Argument-mining context detected.; Relation/linking terms (1).; Pipeline/multi-stage phrasing.; Data/Corpus mention (1).,scopus.com,open_access,,False,False,Using_argumentative_structure_to_interpret_debates_in_online_deliberative_democracy_and_erulemaking_2017.pdf
ArguLens: Anatomy of Community Opinions on Usability Issues Using Argumentation Models,"In open-source software (OSS), the design of usability is often influenced by the discussions among community members on platforms such as issue tracking systems (ITSs). However, digesting the rich information embedded in issue discussions can be a major challenge due to the vast number and diversity of the comments. We propose and evaluate ArguLens, a conceptual framework and automated technique leveraging an argumentation model to support effective understanding and consolidation of community opinions in ITSs. Through content analysis, we anatomized highly discussed usability issues from a large, active OSS project, into their argumentation components and standpoints. We then experimented with supervised machine learning techniques for automated argument extraction. Finally, through a study with experienced ITS users, we show that the information provided by ArguLens supported the digestion of usability-related opinions and facilitated the review of lengthy issues. ArguLens provides the direction of designing valuable tools for high-level reasoning and effective discussion about usability. © 2020 ACM.",Wang W.; Arya D.; Novielli N.; Cheng J.; Guo J.L.C.,2020,Conference on Human Factors in Computing Systems - Proceedings,10.1145/3313831.3376218,All Open Access; Green Open Access,27,Conference paper,,argumentation analysis; issue discussion analysis; online communities; open source software; usability,https://www.scopus.com/inward/record.uri?eid=2-s2.0-85091310076&doi=10.1145%2f3313831.3376218&partnerID=40&md5=a801c99f7778b97315c26828d6806fe3,scopus(3).csv,27,True,True,True,0.93,3,1,False,False,0,Argument-mining context detected.; Component analysis terms (3).; Relation/linking terms (1).; Explicit 'component + relation' (multi-step).,scopus.com,open_access,,False,False,ArguLens_Anatomy_of_Community_Opinions_on_Usability_Issues_Using_Argumentation_Models_2020.pdf
VIANA: Visual Interactive Annotation of Argumentation,"Argumentation Mining addresses the challenging tasks of identifying boundaries of argumentative text fragments and extracting their relationships. Fully automated solutions do not reach satisfactory accuracy due to their insufficient incorporation of semantics and domain knowledge. Therefore, experts currently rely on time-consuming manual annotations. In this paper, we present a visual analytics system that augments the manual annotation process by automatically suggesting which text fragments to annotate next. The accuracy of those suggestions is improved over time by incorporating linguistic knowledge and language modeling to learn a measure of argument similarity from user interactions. Based on a long-term collaboration with domain experts, we identify and model five high-level analysis tasks. We enable close reading and note-taking, annotation of arguments, argument reconstruction, extraction of argument relations, and exploration of argument graphs. To avoid context switches, we transition between all views through seamless morphing, visually anchoring all text- A nd graph-based layers. We evaluate our system with a two-stage expert user study based on a corpus of presidential debates. The results show that experts prefer our system over existing solutions due to the speedup provided by the automatic suggestions and the tight integration between text and graph views. © 2019 IEEE.",Sperrle F.; Sevastjanova R.; Kehlbeck R.; El-Assady M.,2019,"2019 IEEE Conference on Visual Analytics Science and Technology, VAST 2019 - Proceedings",10.1109/VAST47406.2019.8986917,All Open Access; Green Open Access,25,Conference paper,,Argumentation annotation; layered interfaces; machine learning; semantic transitions; user interaction,https://www.scopus.com/inward/record.uri?eid=2-s2.0-85076036252&doi=10.1109%2fVAST47406.2019.8986917&partnerID=40&md5=4a433742de977f089d6d28bb952e8b07,scopus(3).csv,25,True,True,True,0.8,0,5,True,True,2,Argument-mining context detected.; Relation/linking terms (5).; Pipeline/multi-stage phrasing.; Data/Corpus mention (2).,scopus.com,open_access,,False,False,VIANA_Visual_Interactive_Annotation_of_Argumentation_2019.pdf
End-to-End Argument Mining for Discussion Threads Based on Parallel Constrained Pointer Architecture,"Argument Mining (AM) is a relatively recent discipline, which concentrates on extracting claims or premises from discourses, and inferring their structures. However, many existing works do not consider micro-level AM studies on discussion threads sufficiently. In this paper, we tackle AM for discussion threads. Our main contributions are follows: (1) A novel combination scheme focusing on micro-level inner- and inter- post schemes for a discussion thread. (2) Annotation of large-scale civic discussion threads with the scheme. (3) Parallel constrained pointer architecture (PCPA), a novel end-to-end technique to discriminate sentence types, inner-post relations, and inter-post interactions simultaneously. The experimental results demonstrate that our proposed model shows better accuracy in terms of relations extraction, in comparison to existing state-of-the-art models. © 2018 Association for Computational Linguistics.",Morio G.; Fujita K.,2018,EMNLP 2018 - Proceedings of the 5th Workshop on Argument Mining,,,25,Conference paper,,,https://www.scopus.com/inward/record.uri?eid=2-s2.0-85066888727&partnerID=40&md5=a817c721adc54ce89726bb05ce7e8243,scopus(3).csv,25,,True,True,1.03,2,2,True,False,0,Argument-mining context detected.; Component analysis terms (2).; Relation/linking terms (2).; Pipeline/multi-stage phrasing.; Explicit 'component + relation' (multi-step).,scopus.com,unknown,,False,False,End-to-End_Argument_Mining_for_Discussion_Threads_Based_on_Parallel_Constrained_Pointer_Architecture_2018.pdf
Representing and classifying arguments on the Semantic Web,"Until recently, little work has been dedicated to the representation and interchange of informal, semi-structured arguments of the type found in natural language prose and dialogue. To redress this, the research community recently initiated work towards an Argument Interchange Format (AIF). The AIF aims to facilitate the exchange of semi-structured arguments among different argument analysis and argumentation-support tools. In this paper, we present a Description Logic ontology for annotating arguments, based on a new reification of the AIF and founded in Walton's theory of argumentation schemes. We demonstrate how this ontology enables a new kind of automated reasoning over argument structures, which complements classical reasoning about argument acceptability. In particular, Web Ontology Language reasoning enables significantly enhanced querying of arguments through automatic scheme classifications, instance classification, inference of indirect support in chained argument structures, and inference of critical questions. We present the implementation of a pilot Web-based system for authoring and querying argument structures using the proposed ontology.","Rahwan, Iyad; Banihashemi, Bita; Reed, Chris; Walton, Douglas; Abdallah, Sherief",2011,KNOWLEDGE ENGINEERING REVIEW,10.1017/S0269888911000191,,24,Review,,,,savedrecs.csv,24,,True,True,0.94,1,1,False,True,1,Argument-mining context detected.; Component analysis terms (1).; Relation/linking terms (1).; Explicit 'component + relation' (multi-step).; Data/Corpus mention (1).,,unknown,,False,False,Representing_and_classifying_arguments_on_the_Semantic_Web_2011.pdf
Contextual stance classification of opinions: A step towards enthymeme reconstruction in online reviews,"Enthymemes, that are arguments with missing premises, are common in natural language text. They pose a challenge for the field of argument mining, which aims to extract arguments from such text. If we can detect whether a premise is missing in an argument, then we can either fill the missing premise from similar/related arguments, or discard such enthymemes altogether and focus on complete arguments. In this paper, we draw a connection between explicit vs. implicit opinion classification in reviews, and detecting arguments from enthymemes. For this purpose, we train a binary classifier to detect explicit vs. implicit opinions using a manually labelled dataset. Experimental results show that the proposed method can discriminate explicit opinions from implicit ones, thereby providing encouraging first step towards enthymeme detection in natural language texts. © 2016 Proceedings of the Annual Meeting of the Association for Computational Linguistics. All rights reserved.",Rajendran P.; Bollegala D.; Parsons S.,2016,Proceedings of the Annual Meeting of the Association for Computational Linguistics,,,24,Conference paper,,,https://www.scopus.com/inward/record.uri?eid=2-s2.0-85021760374&partnerID=40&md5=8be0a52691c848d5f54c4f78334c811c,scopus(3).csv,24,,True,True,0.94,1,1,False,True,1,Argument-mining context detected.; Component analysis terms (1).; Relation/linking terms (1).; Explicit 'component + relation' (multi-step).; Data/Corpus mention (1).,scopus.com,unknown,,False,False,Contextual_stance_classification_of_opinions_A_step_towards_enthymeme_reconstruction_in_online_reviews_2016.pdf
Understanding and detecting supporting arguments of diverse types,"We investigate the problem of sentence-level supporting argument detection from relevant documents for user-specified claims. A dataset containing claims and associated citation articles is collected from online debate website idebate.org. We then manually label sentence-level supporting arguments from the documents along with their types as STUDY, FACTUAL, OPINION, or REASONING. We further characterize arguments of different types, and explore whether leveraging type information can facilitate the supporting arguments detection task. Experimental results show that LambdaMART (Burges, 2010) ranker that uses features informed by argument types yields better performance than the same ranker trained without type information. © 2017 Association for Computational Linguistics.",Hua X.; Wang L.,2017,"ACL 2017 - 55th Annual Meeting of the Association for Computational Linguistics, Proceedings of the Conference (Long Papers)",10.18653/v1/P17-2032,All Open Access; Hybrid Gold Open Access,24,Conference paper,,,https://www.scopus.com/inward/record.uri?eid=2-s2.0-85040619411&doi=10.18653%2fv1%2fP17-2032&partnerID=40&md5=7e49720678e383382bbe92df15c87a6d,scopus(3).csv,24,True,True,True,0.94,1,1,False,True,1,Argument-mining context detected.; Component analysis terms (1).; Relation/linking terms (1).; Explicit 'component + relation' (multi-step).; Data/Corpus mention (1).,scopus.com,open_access,https://aclanthology.org/P17-2032.pdf,True,False,Understanding_and_detecting_supporting_arguments_of_diverse_types_2017.pdf
A deep modular RNN approach for ethos mining,"Automatically recognising and extracting the reasoning expressed in natural language text is extremely demanding and only very recently has there been significant headway. While such argument mining focuses on logos (the content of what is said) evidence has demonstrated that using ethos (the character of the speaker) can sometimes be an even more powerful tool of influence. We study the UK parliamentary debates which furnish a rich source of ethos with linguistic material signalling the ethotic relationships between politicians. We then develop a novel deep modular recurrent neural network, DMRNN, approach and employ proven methods from argument mining and sentiment analysis to create an ethos mining pipeline. Annotation of ethotic statements is reliable and its extraction is robust (macro-F1 = 0.83), while annotation of polarity is perfect and its extraction is solid (macro-F1 = 0.84). By exploring correspondences between ethos in political discourse and major events in the political landscape through ethos analytics, we uncover tantalising evidence that identifying expressions of positive and negative ethotic sentiment is a powerful instrument for understanding the dynamics of governments. © 2018 International Joint Conferences on Artificial Intelligence. All right reserved.",Duthie R.; Budzynska K.,2018,IJCAI International Joint Conference on Artificial Intelligence,10.24963/ijcai.2018/562,All Open Access; Bronze Open Access,23,Conference paper,,,https://www.scopus.com/inward/record.uri?eid=2-s2.0-85053919451&doi=10.24963%2fijcai.2018%2f562&partnerID=40&md5=3302cc94bad70a414943dc1b4ac2fd6c,scopus(3).csv,23,True,True,True,0.69,0,2,True,False,0,Argument-mining context detected.; Relation/linking terms (2).; Pipeline/multi-stage phrasing.,scopus.com,open_access,,False,False,A_deep_modular_RNN_approach_for_ethos_mining_2018.pdf
Harnessing rhetorical figures for argument mining,"The generalised, automated reconstruction of the reasoning structures underlying persuasive communication is an enormously challenging task. While this work in argument mining is increasingly informed by the rich tradition of argumentation studies outside the computational field, the rhetorical perspective on argumentation is thus far largely ignored. To explore the application of rhetorical insights in argument mining, we conduct a pilot study on the connection between rhetorical figures and argumentation structure. Rhetorical figures are linguistic devices that perform a variety of functions in argumentative discourse. The textual form of some of these figures is easy to identify automatically, such that an established connection between the figure and a preponderance of argumentative content would improve the performance of argument mining techniques. Furthermore, the automated mining of rhetorical figures could be used as an empirical, corpus-based testing ground for the claims made about these figures in the rhetorical literature. In the pilot study, we explore the connection between eight rhetorical figures the forms of which we expect to be relatively easy to identify computationally, and argumentation structure (concretely, we consider the six schemes 'anadiplosis', 'epanaphora', 'epistrophe', 'epizeuxis', 'eutrepismus', and 'polyptoton', and the two tropes 'antithesis' and 'dirimens copulatio', and relate their occurrences to relations of inference and conflict). The data of the study is collected in the MM2012c corpus of 39,694 words of argumentatively annotated transcripts from the BBC Radio 4's MoralMaze discussion program.We show that some of the figures indeed correspond to passages of high argumentative density, relative to the text as a whole.. © 2017-IOS Press and the authors.",Lawrence J.; Visser J.; Reed C.,2017,Argument and Computation,10.3233/AAC-170026,All Open Access; Gold Open Access; Green Open Access,22,Article,,Argument mining; argumentation structure; BBC's Moral Maze; rhetorical figures,https://www.scopus.com/inward/record.uri?eid=2-s2.0-85030760905&doi=10.3233%2fAAC-170026&partnerID=40&md5=b267c4cad2c673f019054fd1b0625552,scopus(3).csv,22,True,True,True,0.98,1,3,False,True,1,Argument-mining context detected.; Component analysis terms (1).; Relation/linking terms (3).; Explicit 'component + relation' (multi-step).; Data/Corpus mention (1).,scopus.com,open_access,,False,False,Harnessing_rhetorical_figures_for_argument_mining_2017.pdf
Discovering Argumentative Patterns in Energy Polylogues: A Macroscope for Argument Mining,"A macroscope is proposed and tested here for the discovery of the unique argumentative footprint that characterizes how a collective (e.g., group, online community) manages differences and pursues disagreement through argument in a polylogue. The macroscope addresses broader analytic problems posed by various conceptualizations of large-scale argument, such as fields, spheres, communities, and institutions. The design incorporates a two-tier methodology for detecting argument patterns of the arguments performed in arguing by an interactive collective that produces views, or topographies, of the ways that issues are generated in the making and defending of standpoints. The design premises for the macroscope build on insights about argument patterns from pragma-dialectical theory by incorporating research and theory on disagreement management and the Argumentum Model of Topics. The design reconceptualizes prototypical and stereotypical argument patterns for characterizing large-scale argumentation. A prototype of the macroscope is tested on data drawn from six threads about oil-drilling and fracking from the subreddit Changemyview. The implementation suggests the efficacy of the macroscope’s design and potential for identifying what communities make controversial and how the disagreement space in a polylogue is managed through stereotypical argument patterns in terms of claims/premises, inferential relations, and presentational devices. © 2018, The Author(s).",Musi E.; Aakhus M.,2018,Argumentation,10.1007/s10503-017-9441-y,All Open Access; Hybrid Gold Open Access,21,Article,,Argument mining; Change my view; Computational methods; Discourse analysis; Reddit; Text analytics,https://www.scopus.com/inward/record.uri?eid=2-s2.0-85040002814&doi=10.1007%2fs10503-017-9441-y&partnerID=40&md5=7e3632da2b30d18f0b507af39fc864f8,scopus(3).csv,21,True,True,True,1.0,3,2,False,True,1,Argument-mining context detected.; Component analysis terms (3).; Relation/linking terms (2).; Explicit 'component + relation' (multi-step).; Data/Corpus mention (1).,scopus.com,open_access,,False,False,Discovering_Argumentative_Patterns_in_Energy_Polylogues_A_Macroscope_for_Argument_Mining_2018.pdf
Argument Mining on Twitter: A survey,"In the last decade, the field of argument mining has grown notably. However, only relatively few studies have investigated argumentation in social media and specifically on Twitter. Here, we provide the, to our knowledge, first critical in-depth survey of the state of the art in tweet-based argument mining. We discuss approaches to modelling the structure of arguments in the context of tweet corpus annotation, and we review current progress in the task of detecting argument components and their relations in tweets. We also survey the intersection of argument mining and stance detection, before we conclude with an outlook.","Schaefer, Robin; Stede, Manfred",2021,IT-INFORMATION TECHNOLOGY,10.1515/itit-2020-0053,,21,Review,,,,savedrecs.csv,21,,True,True,1.02,4,3,False,True,1,Argument-mining context detected.; Component analysis terms (4).; Relation/linking terms (3).; Explicit 'component + relation' (multi-step).; Data/Corpus mention (1).,,unknown,,False,False,Argument_Mining_on_Twitter_A_survey_2021.pdf
TransforMED: End-to-Εnd Transformers for Evidence-Based Medicine and Argument Mining in medical literature,"Argument Mining (AM) refers to the task of automatically identifying arguments in a text and finding their relations. In medical literature this is done by identifying Claims and Premises and classifying their relations as either Support or Attack. Evidence-Based Medicine (EBM) refers to the task of identifying all related evidence in medical literature to allow medical practitioners to make informed choices and form accurate treatment plans. This is achieved through the automatic identification of Population, Intervention, Comparator and Outcome entities (PICO) in the literature to limit the collection to only the most relevant documents. In this work, we combine EBM with AM in medical literature to increase the performance of the individual models and create high quality argument graphs, annotated with PICO entities. To that end, we introduce a state-of-the-art EBM model, used to predict the PICO entities and two novel Argument Identification and Argument Relation classification models that utilize the PICO entities to enhance their performance. Our final system works in a pipeline and is able to identify all PICO entities in a medical publication, the arguments presented in them and their relations. © 2021 Elsevier Inc.",Stylianou N.; Vlahavas I.,2021,Journal of Biomedical Informatics,10.1016/j.jbi.2021.103767,,20,Article,,Argument mining; Deep learning; Evidence based medicine; Natural language processing,https://www.scopus.com/inward/record.uri?eid=2-s2.0-85103971975&doi=10.1016%2fj.jbi.2021.103767&partnerID=40&md5=122a95f7dec16a45592e985e0a2a459e,scopus(3).csv,20,,True,True,1.07,2,5,True,False,0,Argument-mining context detected.; Component analysis terms (2).; Relation/linking terms (5).; Pipeline/multi-stage phrasing.; Explicit 'component + relation' (multi-step).,scopus.com,likely_institutional_access,,False,True,TransforMED_End-to-Εnd_Transformers_for_Evidence-Based_Medicine_and_Argument_Mining_in_medical_literature_2021.pdf
"OPT: Oslo–Potsdam–Teesside pipelining rules, rankers, and classifier ensembles for shallow discourse parsing","The OPT submission to the Shared Task of the 2016 Conference on Natural Language Learning (CoNLL) implements a ‘classic’ pipeline architecture, combining binary classification of (candidate) explicit connectives, heuristic rules for non-explicit discourse relations, ranking and ‘editing’ of syntactic constituents for argument identification, and an ensemble of classifiers to assign discourse senses. With an end-to-end performance of 27.77 F1 on the English ‘blind’ test data, our system advances the previous state of the art (Wang & Lan, 2015) by close to four F1 points, with particularly good results for the argument identification sub-tasks. © 2016 Association for Computational Linguistics.",Oepen S.; Read J.; Scheffler T.; Sidarenka U.; Stede M.; Velldal E.; Øvrelid L.,2016,"Proceedings of the 20th SIGNLL Conference on Computational Natural Language Learning: Shared Task, CoNLL 2016",10.18653/v1/k16-2002,All Open Access; Green Open Access; Hybrid Gold Open Access,19,Conference paper,,,https://www.scopus.com/inward/record.uri?eid=2-s2.0-85045763893&doi=10.18653%2fv1%2fk16-2002&partnerID=40&md5=d09ed0a836c9628cf315852e502ffc6e,scopus(3).csv,19,True,True,True,0.74,0,2,True,True,1,Argument-mining context detected.; Relation/linking terms (2).; Pipeline/multi-stage phrasing.; Data/Corpus mention (1).,scopus.com,open_access,https://aclanthology.org/k16-2002.pdf,True,False,OPT_OsloPotsdamTeesside_pipelining_rules_rankers_and_classifier_ensembles_for_shallow_discourse_parsing_2016.pdf
Annotating evidence-based argumentation in biomedical text,"A new challenge in natural language processing, argumentation mining is the automatic identification of an argument's premises, conclusion, and argumentation scheme, and relationships between arguments. Argumentation mining could provide critical context for information extraction and question answering and support new forms of summarization and citation indexing. However, argumentation mining, in this sense, has not yet been addressed in BioNLP. This theoretical paper contributes towards annotation of argumentation in biomedical/biological corpora. We show that argumentative zone models and models of discourse coherence do not represent the same aspects of discourse as a model of evidence-based argumentation. We explore the challenges of annotation of argumentation in full-text biomedical articles and describe the steps we have taken towards annotating a biomedical corpus for argumentation mining research. © 2015 IEEE.",Green N.L.,2015,"Proceedings - 2015 IEEE International Conference on Bioinformatics and Biomedicine, BIBM 2015",10.1109/BIBM.2015.7359807,,18,Conference paper,,,https://www.scopus.com/inward/record.uri?eid=2-s2.0-84962385231&doi=10.1109%2fBIBM.2015.7359807&partnerID=40&md5=0174075b8eff38837d0d9d0183742832,scopus(3).csv,18,,True,True,1.0,2,3,False,True,2,Argument-mining context detected.; Component analysis terms (2).; Relation/linking terms (3).; Explicit 'component + relation' (multi-step).; Data/Corpus mention (2).,scopus.com,likely_institutional_access,,False,True,Annotating_evidence-based_argumentation_in_biomedical_text_2015.pdf
Argumentation mining in scientific literature: From computational linguistics to biomedicine,"In this work we propose to tackle the limitations posed by the lack of annotated data for argument mining in scientific texts by annotating argumentative units and relations in research abstracts in two scientific domains. We evaluate our annotations by computing inter-annotator agreements, which range from moderate to substantial according to the difficulty level of the tasks and domains. We use our newly annotated corpus to fine-tune BERT-based models for argument mining in single and multi-task settings, finally exploring the adaptation of models trained in one scientific discipline (computational linguistics) to predict the argumentative structure of abstracts in a different one (biomedicine). © 2021 Copyright for this paper by its authors.",Accuosto P.; Neves M.; Saggion H.,2021,CEUR Workshop Proceedings,,,16,Conference paper,,Argument mining; Domain adaptation; Scientific corpora; Transformer models,https://www.scopus.com/inward/record.uri?eid=2-s2.0-85104043997&partnerID=40&md5=a4fe85e0c26994b83f299bb50951dd3a,scopus(3).csv,16,,True,True,1.0,3,2,False,True,2,Argument-mining context detected.; Component analysis terms (3).; Relation/linking terms (2).; Explicit 'component + relation' (multi-step).; Data/Corpus mention (2).,scopus.com,unknown,,False,False,Argumentation_mining_in_scientific_literature_From_computational_linguistics_to_biomedicine_2021.pdf
Document-Level Event Argument Extraction With A Chain Reasoning Paradigm,"Document-level event argument extraction aims to identify event arguments beyond sentence level, where a significant challenge is to model long-range dependencies. Focusing on this challenge, we present a new chain reasoning paradigm for the task, which can generate decomposable first-order logic rules for reasoning. This paradigm naturally captures long-range interdependence due to the chains' compositional nature, which also improves interpretability by explicitly modeling the reasoning process. We introduce T-norm fuzzy logic for optimization, which permits end-to-end learning and shows promise for integrating the expressiveness of logical reasoning with the generalization of neural networks. In experiments, we show that our approach outperforms previous methods by a significant margin on two standard benchmarks (over 6 points in F1). Moreover, it is data-efficient in low-resource scenarios and robust enough to defend against adversarial attacks. © 2023 Association for Computational Linguistics.",Liu J.; Liang C.; Xu J.; Liu H.; Zhao Z.,2023,Proceedings of the Annual Meeting of the Association for Computational Linguistics,10.18653/v1/2023.acl-long.532,All Open Access; Hybrid Gold Open Access,14,Conference paper,,,https://www.scopus.com/inward/record.uri?eid=2-s2.0-85174395629&doi=10.18653%2fv1%2f2023.acl-long.532&partnerID=40&md5=e78fade41819c50182adad2c4f365c0a,scopus(3).csv,14,True,True,True,0.72,0,1,True,True,2,Argument-mining context detected.; Relation/linking terms (1).; Pipeline/multi-stage phrasing.; Data/Corpus mention (2).,scopus.com,open_access,https://aclanthology.org/2023.acl-long.532.pdf,True,False,Document-Level_Event_Argument_Extraction_With_A_Chain_Reasoning_Paradigm_2023.pdf
TransforMED: End-to-End Transformers for Evidence-Based Medicine and Argument Mining in medical literature,"Argument Mining (AM) refers to the task of automatically identifying arguments in a text and finding their relations. In medical literature this is done by identifying Claims and Premises and classifying their relations as either Support or Attack. Evidence-Based Medicine (EBM) refers to the task of identifying all related evidence in medical literature to allow medical practitioners to make informed choices and form accurate treatment plans. This is achieved through the automatic identification of Population, Intervention, Comparator and Outcome entities (PICO) in the literature to limit the collection to only the most relevant documents. In this work, we combine EBM with AM in medical literature to increase the performance of the individual models and create high quality argument graphs, annotated with PICO entities. To that end, we introduce a state-of-the-art EBM model, used to predict the PICO entities and two novel Argument Identification and Argument Relation classification models that utilize the PICO entities to enhance their performance. Our final system works in a pipeline and is able to identify all PICO entities in a medical publication, the arguments presented in them and their relations.","Stylianou, Nikolaos; Vlahavas, Ioannis",2021,JOURNAL OF BIOMEDICAL INFORMATICS,10.1016/j.jbi.2021.103767,,13,Article,,,,savedrecs.csv,13,,True,True,1.07,2,5,True,False,0,Argument-mining context detected.; Component analysis terms (2).; Relation/linking terms (5).; Pipeline/multi-stage phrasing.; Explicit 'component + relation' (multi-step).,,likely_institutional_access,,False,True,TransforMED_End-to-End_Transformers_for_Evidence-Based_Medicine_and_Argument_Mining_in_medical_literature_2021.pdf
"Modelling argumentative behaviour in parliamentary debates: Data collection, analysis and test case","In this paper we apply the information state update (ISU) machinery to tracking and understanding the argumentative behaviour of participants in a parliamentary debate in order to predict its outcome. We propose to use the ISU approach to model the arguments of the debaters and the support/attack links between them as part of the formal representations of a participant’s information state. We first consider the identification of claims and evidence relations to their premises as an argument mining task. It is not sufficient, however, to indicate what relations occur without establishing how these relations are created and verified during the interaction. For this purpose the model requires a detailed specification of the creation, maintenance and use of shared beliefs. The ISU model provides procedures for incorporating beliefs and expectations shared between speaker and hearers in the tracking model. To evaluate the content of the tracked information states, we compare them to those of the human ‘concluder’ who wraps up a debate, stating the claims which the majority of the debaters have agreed on. © Springer International Publishing Switzerland 2016.",Petukhova V.; Malchanau A.; Bunt H.,2016,Lecture Notes in Computer Science (including subseries Lecture Notes in Artificial Intelligence and Lecture Notes in Bioinformatics),10.1007/978-3-319-46218-9_3,,12,Conference paper,,,https://www.scopus.com/inward/record.uri?eid=2-s2.0-85009212385&doi=10.1007%2f978-3-319-46218-9_3&partnerID=40&md5=888c56335017b8eccb81553df2515664,scopus(3).csv,12,,True,True,1.02,2,6,False,True,1,Argument-mining context detected.; Component analysis terms (2).; Relation/linking terms (6).; Explicit 'component + relation' (multi-step).; Data/Corpus mention (1).,scopus.com,likely_institutional_access,,False,True,Modelling_argumentative_behaviour_in_parliamentary_debates_Data_collection_analysis_and_test_case_2016.pdf
Unsupervised argumentation mining in student essays,"State-of-the-art systems for argumentation mining are supervised, thus relying on training data containing manually annotated argument components and the relationships between them. To eliminate the reliance on annotated data, we present a novel approach to unsupervised argument mining. The key idea is to bootstrap from a small set of argument components automatically identified using simple heuristics in combination with reliable contextual cues. Results on a Stab and Gurevych's corpus of 402 essays show that our unsupervised approach rivals two supervised baselines in performance and achieves 73.5-83.7% of the performance of a state-of-the-art neural approach. © European Language Resources Association (ELRA), licensed under CC-BY-NC",Persing I.; Ng V.,2020,"LREC 2020 - 12th International Conference on Language Resources and Evaluation, Conference Proceedings",,,12,Conference paper,,Discourse Annotation; Information Extraction; Information Retrieval; Opinion Mining; Processing; Representation; Sentiment Analysis,https://www.scopus.com/inward/record.uri?eid=2-s2.0-85096609051&partnerID=40&md5=25ea5eb11ee13cbc0c6d05f3af86de63,scopus(3).csv,12,,True,True,1.02,4,2,False,True,1,Argument-mining context detected.; Component analysis terms (4).; Relation/linking terms (2).; Explicit 'component + relation' (multi-step).; Data/Corpus mention (1).,scopus.com,unknown,,False,False,Unsupervised_argumentation_mining_in_student_essays_2020.pdf
Argument-based Detection and Classification of Fallacies in Political Debates,"Fallacies are arguments that employ faulty reasoning. Given their persuasive and seemingly valid nature, fallacious arguments are often used in political debates. Employing these misleading arguments in politics can have detrimental consequences for society, since they can lead to inaccurate conclusions and invalid inferences from the public opinion and the policymakers. Automatically detecting and classifying fallacious arguments represents therefore a crucial challenge to limit the spread of misleading or manipulative claims and promote a more informed and healthier political discourse. Our contribution to address this challenging task is twofold. First, we extend the ElecDeb60To16 dataset of U.S. presidential debates annotated with fallacious arguments, by incorporating the most recent Trump-Biden presidential debate. We include updated token-level annotations, incorporating argumentative components (i.e., claims and premises), the relations between these components (i.e., support and attack), and six categories of fallacious arguments (i.e., Ad Hominem, Appeal to Authority, Appeal to Emotion, False Cause, Slippery Slope, and Slogans). Second, we perform the twofold task of fallacious argument detection and classification by defining neural network architectures based on Transformers models, combining text, argumentative features, and engineered features. Our results show the advantages of complementing transformer-generated text representations with non-textual features. ©2023 Association for Computational Linguistics.",Goffredo P.; Espinoza M.C.; Cabrio E.; Villata S.,2023,"EMNLP 2023 - 2023 Conference on Empirical Methods in Natural Language Processing, Proceedings",10.18653/v1/2023.emnlp-main.684,All Open Access; Green Open Access; Hybrid Gold Open Access,11,Conference paper,,,https://www.scopus.com/inward/record.uri?eid=2-s2.0-85184796208&doi=10.18653%2fv1%2f2023.emnlp-main.684&partnerID=40&md5=c279751110a032a0d66f3444ea3eb94f,scopus(3).csv,11,True,True,True,1.02,5,4,False,True,2,Argument-mining context detected.; Component analysis terms (5).; Relation/linking terms (4).; Explicit 'component + relation' (multi-step).; Data/Corpus mention (2).,scopus.com,open_access,https://aclanthology.org/2023.emnlp-main.684.pdf,True,False,Argument-based_Detection_and_Classification_of_Fallacies_in_Political_Debates_2023.pdf
Intertextual correspondence for integrating corpora,"We present intertextual correspondence (ITC) as an integrative technique for combining annotated text corpora. The topical correspondence between different texts can be exploited to establish new annotation connections between existing corpora. Although the general idea should not be restricted to one particular theoretical framework, we explain how the annotation of intertextual correspondence works for two corpora annotated with argumentative notions on the basis of Inference Anchoring Theory. The annotated corpora we take as examples are topically and temporally related: the first corpus comprises television debates leading up to the 2016 presidential elections in the United States, the second corpus consists of commentary on and discussion of those debates on the social media platform Reddit. The integrative combination enriches the existing corpora in terms of the argumentative density, conceived of as the number of inference, conflict and rephrase relations relative to the word count of the (sub-)corpus. ITC also affects the global properties of the corpus, such as the most divisive issue. Moreover, the ability to extend existing corpora whilst maintaining the level of internal cohesion is beneficial to the use of the integrated corpus as resource for text and argument mining based on machine learning. © LREC 2018 - 11th International Conference on Language Resources and Evaluation. All rights reserved.",Visser J.; Duthie R.; Lawrence J.; Reed C.,2019,LREC 2018 - 11th International Conference on Language Resources and Evaluation,,,11,Conference paper,,Argument; Corpus; Debate; Dialogue; Intertextuality; Reddit; US presidential elections,https://www.scopus.com/inward/record.uri?eid=2-s2.0-85059899839&partnerID=40&md5=7be48d59303d5eb826d0a008bddb1f01,scopus(3).csv,11,,True,True,1.0,1,4,False,True,3,Argument-mining context detected.; Component analysis terms (1).; Relation/linking terms (4).; Explicit 'component + relation' (multi-step).; Data/Corpus mention (3).,scopus.com,unknown,,False,False,Intertextual_correspondence_for_integrating_corpora_2019.pdf
Can Unsupervised Knowledge Transfer from Social Discussions Help Argument Mining?,"Identifying argument components from unstructured texts and predicting the relationships expressed among them are two primary steps of argument mining. The intrinsic complexity of these tasks demands powerful learning models. While pretrained Transformer-based Language Models (LM) have been shown to provide state-of-the-art results over different NLP tasks, the scarcity of manually annotated data and the highly domain-dependent nature of argumentation restrict the capabilities of such models. In this work, we propose a novel transfer learning strategy to overcome these challenges. We utilize argumentation-rich social discussions from the ChangeMyView subreddit as a source of unsupervised, argumentative discourse-aware knowledge by finetuning pretrained LMs on a selectively masked language modeling task. Furthermore, we introduce a novel prompt-based strategy for inter-component relation prediction that compliments our proposed finetuning method while leveraging on the discourse context. Exhaustive experiments show the generalization capability of our method on these two tasks over within-domain as well as out-of-domain datasets, outperforming several existing and employed strong baselines. © 2022 Association for Computational Linguistics.",Dutta S.; Das D.; Juneja J.; Chakraborty T.,2022,Proceedings of the Annual Meeting of the Association for Computational Linguistics,10.18653/v1/2022.acl-long.536,All Open Access; Green Open Access; Hybrid Gold Open Access,11,Conference paper,,,https://www.scopus.com/inward/record.uri?eid=2-s2.0-85149109826&doi=10.18653%2fv1%2f2022.acl-long.536&partnerID=40&md5=3d42ab533c42dab684c56170520e4aad,scopus(3).csv,11,True,True,True,1.02,4,3,False,True,2,Argument-mining context detected.; Component analysis terms (4).; Relation/linking terms (3).; Explicit 'component + relation' (multi-step).; Data/Corpus mention (2).,scopus.com,open_access,https://aclanthology.org/2022.acl-long.536.pdf,True,False,Can_Unsupervised_Knowledge_Transfer_from_Social_Discussions_Help_Argument_Mining_2022.pdf
The ReCAP Corpus: A Corpus of Complex Argument Graphs on German Education Politics,"The automatic extraction of arguments from natural language texts is a highly researched area and more important than ever today, as it is nearly impossible to manually capture all arguments on a controversial topic in a reasonable amount of time. For testing different algorithms such as the retrieval of the best arguments, which are still in their infancy, gold standards must exist. An argument consists of a claim or standpoint that is supported or opposed by at least one premise. The generic term for a claim or premise is Argumentative Discourse Unit (ADU). The relationships between ADUs can be specified by argument schemes and can lead to large graphs. This paper presents a corpus of 100 argument graphs with about 2,500 ADUs in German, which is unique in its size and the utilisation of argument schemes. The corpus is built from natural language texts like party press releases and parliamentary motions on education policies in the German federal states. Each high-quality text is presented by an argument graph and created by the use of a modified version of the annotation tool OVA. The final argument graphs resulted by merging two previously independently annotated graphs based on detailed discussions.  © 2021 IEEE.",Dumani L.; Biertz M.; Witry A.; Ludwig A.-K.; Lenz M.; Ollinger S.; Bergmann R.; Schenkel R.,2021,"Proceedings - 2021 IEEE 15th International Conference on Semantic Computing, ICSC 2021",10.1109/ICSC50631.2021.00083,,11,Conference paper,,argument-mining; argumentation-schemes; gold-standard-corpus; knowledge-representation,https://www.scopus.com/inward/record.uri?eid=2-s2.0-85102650917&doi=10.1109%2fICSC50631.2021.00083&partnerID=40&md5=01ed09cbb1ac30f4537a00ce2b7df9cc,scopus(3).csv,11,,True,True,1.02,3,3,False,True,2,Argument-mining context detected.; Component analysis terms (3).; Relation/linking terms (3).; Explicit 'component + relation' (multi-step).; Data/Corpus mention (2).,scopus.com,likely_institutional_access,,False,True,The_ReCAP_Corpus_A_Corpus_of_Complex_Argument_Graphs_on_German_Education_Politics_2021.pdf
Tree kernel engineering in semantic role labeling systems,"Recent work on the design of automatic systems for semantic role labeling has shown that feature engineering is a complex task from a modeling and implementation point of view. Tree kernels alleviate such complexity as kernel functions generate features automatically and require less software development for data extraction. In this paper, we study several tree kernel approaches for both boundary detection and argument classification. The comparative experiments on Support Vector Machines with such kernels on the CoNLL 2005 dataset show that very simple tree manipulations trigger automatic feature engineering that highly improves accuracy and efficiency in both phases. Moreover, the use of different classifiers for internal and pre-terminal nodes maintains the same accuracy and highly improves efficiency. © 2006 EACL 2006 - 11th Conference of the European Chapter of the Association for Computational Linguistics - Proceedings of the Workshop on Learning Structured Information in Natural Language Applications. All rights reserved.",Moschitti A.; Pighin D.; Basili R.,2006,EACL 2006 - 11th Conference of the European Chapter of the Association for Computational Linguistics - Proceedings of the Workshop on Learning Structured Information in Natural Language Applications,,,11,Conference paper,,,https://www.scopus.com/inward/record.uri?eid=2-s2.0-38049158220&partnerID=40&md5=ab6a9a1363d5926e1dad0b5768272375,scopus(3).csv,11,,True,True,0.94,1,1,False,True,1,Argument-mining context detected.; Component analysis terms (1).; Relation/linking terms (1).; Explicit 'component + relation' (multi-step).; Data/Corpus mention (1).,scopus.com,unknown,,False,False,Tree_kernel_engineering_in_semantic_role_labeling_systems_2006.pdf
Annotating Online Civic Discussion Threads for Argument Mining,"Argument mining techniques have become popular in online civic discussion thread analysis to understand an enormous amount of posts and flow of discussions for consensus building. However, the existing corpora and discussion thread analysis haven't discussed argument mining schemes sufficiently. This paper proposes a novel scheme for discussion thread analysis, annotates online civic discussions, and analyzes the annotated corpus. Our scheme consists of novel inner-and inter-post schemes. The inner-post scheme considers a post as a stand-alone discourse in a thread. We perform a micro-level annotation of argument components and relations in a post. The inter-post scheme provides a micro-level inter-post interaction to capture the argumentative reply-to relation. As a result, we have an annotated corpus including 399 threads and 5559 sentences of 204 citizens that is valid and argumentative. In addition, we analyze the annotated corpus to demonstrate statistical and linguistic properties of the corpus. © 2018 IEEE.",Morio G.; Fujita K.,2019,"Proceedings - 2018 IEEE/WIC/ACM International Conference on Web Intelligence, WI 2018",10.1109/WI.2018.00-39,,11,Conference paper,,Annotation; Argument mining; Computational argumentation; Corpus; Inter-annotator agreement; Online civic engagement,https://www.scopus.com/inward/record.uri?eid=2-s2.0-85061919848&doi=10.1109%2fWI.2018.00-39&partnerID=40&md5=33a29c4ee6d65f96de5908a977c3fcf4,scopus(3).csv,11,,True,True,1.02,4,2,False,True,3,Argument-mining context detected.; Component analysis terms (4).; Relation/linking terms (2).; Explicit 'component + relation' (multi-step).; Data/Corpus mention (3).,scopus.com,likely_institutional_access,,False,True,Annotating_Online_Civic_Discussion_Threads_for_Argument_Mining_2019.pdf
Utilizing structured knowledge bases in open IE based event template extraction,"Automatic template extraction including event template has been studied intensively in recent years. Researchers study the topic in order to solve the problem of manually defining a template that is required in most information extraction systems. Several studies of event template extraction rely on the documents characteristics to discover the pattern. Although there exist some structured knowledge bases, such as: FrameNet, Predicate Matrix, ACE (Automatic Content Extraction) event type keywords seeds, and FrameNet-ACE event type mapping, no previous researchers have studied combining this information for event template extraction. This paper presents an event template extraction approach that incorporates structured knowledge bases. We propose event template extraction from Open Information Extraction (Open IE) results (relation tuples) in two stages: relation tuple clustering and relation tuple filtering. Both processes utilize structured knowledge bases, as constraint sources in the clustering process and as the basis for the filtering process. The filtering process employs the word embedding representation to capture the semantic relatedness between words. We argue that by involving structured knowledge bases, the relation tuple semantic information can be enriched. Therefore, we can get groups of relation tuples with a similar event sense that represent event templates. The empirical experiment was based on an event argument extraction task and showed that our proposed approach outperforms similar methods that do not use structured knowledge bases. We also compare our proposed system performance to the performance of state-of-the-art systems. The comparison result shows that our proposed system outperforms other state-of-the-art systems, in terms of precision. © 2018, Springer Science+Business Media, LLC, part of Springer Nature.",Romadhony A.; Widyantoro D.H.; Purwarianti A.,2019,Applied Intelligence,10.1007/s10489-018-1269-0,,10,Article,,Constrained clustering; Event template extraction; Open Information Extraction (Open IE); Structured knowledge base; Word embedding,https://www.scopus.com/inward/record.uri?eid=2-s2.0-85052946792&doi=10.1007%2fs10489-018-1269-0&partnerID=40&md5=9dd161e645dc8f59d5fe7413474f6543,scopus(3).csv,10,,True,True,0.74,0,2,True,True,1,Argument-mining context detected.; Relation/linking terms (2).; Pipeline/multi-stage phrasing.; Data/Corpus mention (1).,scopus.com,likely_institutional_access,,False,True,Utilizing_structured_knowledge_bases_in_open_IE_based_event_template_extraction_2019.pdf
Argument component classification by relation identification by neural network and textrank,"In recent years, argumentation mining, which automatically extracts the structure of argu- mentation from unstructured documents such as essays and debates, is gaining attention. For argumentation mining applications, argument- component classification is an important sub- task. The existing methods can be classified into su- pervised methods and unsupervised methods. Many existing supervised methods use a clas- sifier to identify the roles of argument compo- nents, such as"" claim ""or"" premise"", but many of them use information of a single sen- tence without relying on the whole document. On the other hand, existing unsupervised doc- ument classification has the advantage of be- ing able to use the whole document, but accu- racy of these methods is not so high. In this paper, we propose a method for argument-component classification that com- bines relation identification by neural net- works and TextRank to integrate relation infor- mations (i.e. the strength of the relation). This method can use argumentation-specific knowl- edge by employing supervised learning on a corpus while maintaining the advantage of us- ing the whole document. Experiments on two corpora, one consisting of student essays and the other of Wikipedia arti- cles, show the effectiveness of this method. © ACL 2019.All right reserved.",Deguchi M.; Yamaguchi K.,2019,"ACL 2019 - 6th Workshop on Argument Mining, ArgMining 2019 - Proceedings of the Workshop",,,10,Conference paper,,,https://www.scopus.com/inward/record.uri?eid=2-s2.0-85086271331&partnerID=40&md5=9ea5364a94373c13fe4f22333d476ced,scopus(3).csv,10,,True,True,1.02,4,2,False,True,2,Argument-mining context detected.; Component analysis terms (4).; Relation/linking terms (2).; Explicit 'component + relation' (multi-step).; Data/Corpus mention (2).,scopus.com,unknown,,False,False,Argument_component_classification_by_relation_identification_by_neural_network_and_textrank_2019.pdf
Automated argumentation mining to the rescue? Envisioning argumentation and decision-making support for debates in open online collaboration communities,"Argumentation mining, a relatively new area of discourse analysis, involves automatically identifying and structuring arguments. Following a basic introduction to argumentation, we describe a new possible domain for argumentation mining: Debates in open online collaboration communities. Based on our experience with manual annotation of arguments in debates, we envision argumentation mining as the basis for three kinds of support tools, for authoring more persuasive arguments, finding weaknesses in others' arguments, and summarizing a debate's overall conclusions. © 2014 Proceedings of the Annual Meeting of the Association for Computational Linguistics. All rights reserved.",Schneider J.,2014,Proceedings of the Annual Meeting of the Association for Computational Linguistics,10.3115/v1/w14-2108,All Open Access; Green Open Access,10,Conference paper,,,https://www.scopus.com/inward/record.uri?eid=2-s2.0-84924981830&doi=10.3115%2fv1%2fw14-2108&partnerID=40&md5=57dbf6338a4a1886717b9500982f6cc1,scopus(3).csv,10,True,True,True,0.91,2,1,False,False,0,Argument-mining context detected.; Component analysis terms (2).; Relation/linking terms (1).; Explicit 'component + relation' (multi-step).,scopus.com,open_access,,False,False,Automated_argumentation_mining_to_the_rescue_Envisioning_argumentation_and_decision-making_support_for_debates_in_open_o_2014.pdf
Automatic argumentation extraction,"This extended abstract outlines the area of automatic argumentation extraction. The state of the art is discussed, and how it has influenced the proposed direction of this work. This research aims to provide decision support by automatically extracting argumentation from natural language, enabling a decision maker to follow more closely the reasoning process, to examine premises and counter-arguments, and to reach better informed decisions. © 2013 Springer-Verlag Berlin Heidelberg.",Sergeant A.,2013,Lecture Notes in Computer Science (including subseries Lecture Notes in Artificial Intelligence and Lecture Notes in Bioinformatics),10.1007/978-3-642-38288-8_46,All Open Access; Bronze Open Access,10,Conference paper,,Argument Extraction; Argumentation; Information Extraction,https://www.scopus.com/inward/record.uri?eid=2-s2.0-84885003729&doi=10.1007%2f978-3-642-38288-8_46&partnerID=40&md5=7cc69e6d9ff5ad38d38d4e460c81b6f1,scopus(3).csv,10,True,True,True,0.89,1,1,False,False,0,Argument-mining context detected.; Component analysis terms (1).; Relation/linking terms (1).; Explicit 'component + relation' (multi-step).,scopus.com,open_access,,False,False,Automatic_argumentation_extraction_2013.pdf
Beyond facts - a survey and conceptualisation of claims in online discourse analysis,"Analyzing statements of facts and claims in online discourse is subject of a multitude of research areas. Methods from natural language processing and computational linguistics help investigate issues such as the spread of biased narratives and falsehoods on the Web. Related tasks include fact-checking, stance detection and argumentation mining. Knowledge-based approaches, in particular works in knowledge base construction and augmentation, are concerned with mining, verifying and representing factual knowledge. While all these fields are concerned with strongly related notions, such as claims, facts and evidence, terminology and conceptualisations used across and within communities vary heavily, making it hard to assess commonalities and relations of related works and how research in one field may contribute to address problems in another. We survey the state-of-the-art from a range of fields in this interdisciplinary area across a range of research tasks. We assess varying definitions and propose a conceptual model - Open Claims - for claims and related notions that takes into consideration their inherent complexity, distinguishing between their meaning, linguistic representation and context. We also introduce an implementation of this model by using established vocabularies and discuss applications across various tasks related to online discourse analysis.  © 2022 - The authors. Published by IOS Press.",Boland K.; Fafalios P.; Tchechmedjiev A.; Dietze S.; Todorov K.,2022,Semantic Web,10.3233/SW-212838,All Open Access; Green Open Access; Hybrid Gold Open Access,9,Article,,claim models; Claims; fact-checking; facts; online discourse analysis,https://www.scopus.com/inward/record.uri?eid=2-s2.0-85137537217&doi=10.3233%2fSW-212838&partnerID=40&md5=919b506632d6ef2f376f09849715ff30,scopus(3).csv,9,True,True,True,0.95,2,3,False,False,0,Argument-mining context detected.; Component analysis terms (2).; Relation/linking terms (3).; Explicit 'component + relation' (multi-step).,scopus.com,open_access,,False,False,Beyond_facts_-_a_survey_and_conceptualisation_of_claims_in_online_discourse_analysis_2022.pdf
Quantifying qualitative data for understanding controversial issues,"Understanding public opinion on complex controversial issues such as 'Legalization of Marijuana' and 'Gun Rights' is of considerable importance for a number of objectives such as identifying the most divisive facets of the issue, developing a consensus, and making informed policy decisions. However, an individual's position on a controversial issue is often not just a binary support-or-oppose stance on the issue, but rather a conglomerate of nuanced opinions and beliefs on various aspects of the issue. These opinions and beliefs are often expressed qualitatively in free text in issue-focused surveys or on social media. However, quantifying vast amounts of qualitative information remains a significant challenge. The goal of this work is to provide a new approach for quantifying qualitative data for the understanding of controversial issues. First, we show how we can engage people directly through crowdsourcing to create a comprehensive dataset of assertions (claims, opinions, arguments, etc.) relevant to an issue. Next, the assertions are judged for agreement and strength of support or opposition, again by crowdsourcing. The collected Dataset of Nuanced Assertions on Controversial Issues (NAoCI dataset) consists of over 2,000 assertions on sixteen different controversial issues. It has over 100,000 judgments of whether people agree or disagree with the assertions, and of about 70,000 judgments indicating how strongly people support or oppose the assertions. This dataset allows for several useful analyses that help summarize public opinion. Across the sixteen issues, we find that when people judge a large set of assertions they often do not disagree with the individual assertions that the opposite side makes, but that they differently judge the relative importance of these assertions. We show how assertions that cause dissent or consensus can be identified by ranking the whole set of assertions based on the collected judgments. We also show how free-text assertions in social media can be analyzed in conjunction with the crowdsourced information to quantify and summarize public opinion on controversial issues. © LREC 2018 - 11th International Conference on Language Resources and Evaluation. All rights reserved.",Wojatzki M.; Mohammad S.M.; Zesch T.; Kiritchenko S.,2019,LREC 2018 - 11th International Conference on Language Resources and Evaluation,,,8,Conference paper,,Argument mining; Controversial issues; Crowdsourcing; Judging assertions; Sentiment analysis; Stance detection,https://www.scopus.com/inward/record.uri?eid=2-s2.0-85059896202&partnerID=40&md5=d2bb3d7cf29a61f721283cf4179d65f3,scopus(3).csv,8,,True,True,0.94,1,1,False,True,1,Argument-mining context detected.; Component analysis terms (1).; Relation/linking terms (1).; Explicit 'component + relation' (multi-step).; Data/Corpus mention (1).,scopus.com,unknown,,False,False,Quantifying_qualitative_data_for_understanding_controversial_issues_2019.pdf
Developing a Conversational Agent’s Capability to Identify Structural Wrongness in Arguments Based on Toulmin’s Model of Arguments,"This article discusses the usefulness of Toulmin’s model of arguments as structuring an assessment of different types of wrongness in an argument. We discuss the usability of the model within a conversational agent that aims to support users to develop a good argument. Within the article, we present a study and the development of classifiers that identify the existence of structural components in a good argument, namely a claim, a warrant (underlying understanding), and evidence. Based on a dataset (three sub-datasets with 100, 1,026, 211 responses in each) in which users argue about the intelligence or non-intelligence of entities, we have developed classifiers for these components: The existence and direction (positive/negative) of claims can be detected a weighted average F1 score over all classes (positive/negative/unknown) of 0.91. The existence of a warrant (with warrant/without warrant) can be detected with a weighted F1 score over all classes of 0.88. The existence of evidence (with evidence/without evidence) can be detected with a weighted average F1 score of 0.80. We argue that these scores are high enough to be of use within a conditional dialogue structure based on Bloom’s taxonomy of learning; and show by argument an example conditional dialogue structure that allows us to conduct coherent learning conversations. While in our described experiments, we show how Toulmin’s model of arguments can be used to identify structural problems with argumentation, we also discuss how Toulmin’s model of arguments could be used in conjunction with content-wise assessment of the correctness especially of the evidence component to identify more complex types of wrongness in arguments, where argument components are not well aligned. Owing to having progress in argument mining and conversational agents, the next challenges could be the developing agents that support learning argumentation. These agents could identify more complex type of wrongness in arguments that result from wrong connections between argumentation components. Copyright © 2021 Mirzababaei and Pammer-Schindler.",Mirzababaei B.; Pammer-Schindler V.,2021,Frontiers in Artificial Intelligence,10.3389/frai.2021.645516,All Open Access; Gold Open Access; Green Open Access,8,Article,,argument mining; argument quality detection; educational conversational agent; educational technology; Toulmin’s model of argument,https://www.scopus.com/inward/record.uri?eid=2-s2.0-85121450197&doi=10.3389%2ffrai.2021.645516&partnerID=40&md5=f9ff88cc3184f0cc34328f1d0841cd8b,scopus(3).csv,8,True,True,True,1.02,5,3,False,True,2,Argument-mining context detected.; Component analysis terms (5).; Relation/linking terms (3).; Explicit 'component + relation' (multi-step).; Data/Corpus mention (2).,scopus.com,open_access,,False,False,Developing_a_Conversational_Agents_Capability_to_Identify_Structural_Wrongness_in_Arguments_Based_on_Toulmins_Model_of_A_2021.pdf
Fine-grained document-level financial event argument extraction approach,"Document-level financial event argument extraction aims to extract a set of structured financial information related to particular financial events from a financial document. This task is challenging because there is complex fine-grained semantic information between financial event arguments, such as cross-document, inner-sentence and context semantic information. Existing approaches are still unable to capture these fine-grained financial semantic features well, leading to the low performance defects. Different from these existing approaches, we propose an end-to-end fine-grained document-level financial event argument extraction approach (FGD-FEAE), which defines event argument extraction as a sequence tagging task. In the encoder, a novel multiple granularity attention layer and a long-short term memory network (LSTM) extension layer are proposed and designed to effectively capture these fine-grained financial semantic information. In the decoder, to avoid the financial semantic confusion problem, a conditional random field (CRF) layer is constructed to jointly tag the financial event arguments. Finally, FGD-FEAE is tested on the two benchmark financial datasets, Chinese financial annotation dataset (ChiFinAnn) and English financial press releases (EFPR), and our own Chinese financial project dataset (ChiFD). These datasets contain a large amount of financial corpus information and complete financial event arguments and provide a solid foundation for verifying the general applicability of the proposed FGD-FEAE. Experimental results show that FGD-FEAE can achieve the better performance than the state-of-the-art approaches, and the performance is improved by 4.69, 5.01 and 3.78 on the three actual financial datasets, respectively. © 2023 Elsevier Ltd",Chen Z.; Ji W.; Ding L.; Song B.,2023,Engineering Applications of Artificial Intelligence,10.1016/j.engappai.2023.105943,,8,Article,,Attention mechanism; Document-level; Financial event argument extraction; Fine-grained,https://www.scopus.com/inward/record.uri?eid=2-s2.0-85147853523&doi=10.1016%2fj.engappai.2023.105943&partnerID=40&md5=7546d81e2c6b29ed75852408093e10f0,scopus(3).csv,8,,True,True,0.7,0,0,True,True,4,Argument-mining context detected.; Pipeline/multi-stage phrasing.; Data/Corpus mention (4).,scopus.com,likely_institutional_access,,False,True,Fine-grained_document-level_financial_event_argument_extraction_approach_2023.pdf
Citizen Involvement in Urban Planning - How Can Municipalities Be Supported in Evaluating Public Participation Processes for Mobility Transitions?,"Public participation processes allow citizens to engage in municipal decision-making processes by expressing their opinions on specific issues. Municipalities often only have limited resources to analyze a possibly large amount of textual contributions that need to be evaluated in a timely and detailed manner. Automated support for the evaluation is therefore essential, e.g. to analyze arguments. In this paper, we address (A) the identification of argumentative discourse units and (B) their classification as major position or premise in German public participation processes. The objective of our work is to make argument mining viable for use in municipalities. We compare different argument mining approaches and develop a generic model that can successfully detect argument structures in different datasets of mobility-related urban planning. We introduce a new data corpus comprising five public participation processes. In our evaluation, we achieve high macro F1 scores (0.76 - 0.80 for the identification of argumentative units; 0.86 - 0.93 for their classification) on all datasets. Additionally, we improve previous results for the classification of argumentative units on a similar German online participation dataset. © 2021 Association for Computational Linguistics.",Romberg J.; Conrad S.,2021,"8th Workshop on Argument Mining, ArgMining 2021 - Proceedings",,,8,Conference paper,,,https://www.scopus.com/inward/record.uri?eid=2-s2.0-85127154078&partnerID=40&md5=d65552d536e1ae16b46bbb05d398b0d5,scopus(3).csv,8,,True,True,1.0,4,1,False,True,3,Argument-mining context detected.; Component analysis terms (4).; Relation/linking terms (1).; Explicit 'component + relation' (multi-step).; Data/Corpus mention (3).,scopus.com,unknown,,False,False,Citizen_Involvement_in_Urban_Planning_-_How_Can_Municipalities_Be_Supported_in_Evaluating_Public_Participation_Processes_2021.pdf
Argument identification in public comments from erulemaking,"Administrative agencies in the United States receive millions of comments each year concerning proposed agency actions during the eRulemaking process. These comments represent a diversity of arguments in support and opposition of the proposals. While agencies are required to identify and respond to substantive comments, they have struggled to keep pace with the volume of information. In this work we address the tasks of identifying argumentative text, classifying the type of argument claims employed, and determining the stance of the comment. First, we propose a taxonomy of argument claims based on an analysis of thousands of rules and millions of comments. Second, we collect and semi-automatically bootstrap annotations to create a dataset of millions of sentences with argument claim type annotation at the sentence level. Third, we build a system for automatically determining argumentative spans and claim type using our proposed taxonomy in a hierarchical classification model. © 2019 Association for Computing Machinery.",Eidelman V.; Grom B.,2019,"Proceedings of the 17th International Conference on Artificial Intelligence and Law, ICAIL 2019",10.1145/3322640.3326714,All Open Access; Green Open Access,8,Conference paper,,,https://www.scopus.com/inward/record.uri?eid=2-s2.0-85068143129&doi=10.1145%2f3322640.3326714&partnerID=40&md5=c1ddc7e6eaec62036afa7f1027447edb,scopus(3).csv,8,True,True,True,0.96,2,1,False,True,1,Argument-mining context detected.; Component analysis terms (2).; Relation/linking terms (1).; Explicit 'component + relation' (multi-step).; Data/Corpus mention (1).,scopus.com,open_access,,False,False,Argument_identification_in_public_comments_from_erulemaking_2019.pdf
A minimalist approach to shallow discourse parsing and implicit relation recognition,"We describe a minimalist approach to shallow discourse parsing in the context of the CoNLL 2015 Shared Task.1 Our parser integrates a rule-based component for argument identification and data-driven models for the classification of explicit and implicit relations. We place special emphasis on the evaluation of implicit sense labeling, we present different feature sets and show that (i) word embeddings are competitive with traditional word-level features, and (ii) that they can be used to considerably reduce the total number of features. Despite its simplicity, our parser is competitive with other systems in terms of sense recognition and thus provides a solid ground for further refinement. © 2014 Association for Computational Linguistics.",Chiarcos C.; Schenk N.,2014,"CoNLL 2015 - 19th Conference on Computational Natural Language Learning, Proceedings of the Shared Task",,,8,Conference paper,,,https://www.scopus.com/inward/record.uri?eid=2-s2.0-85065126627&partnerID=40&md5=0944975d5d74c76ab8493cb5dd6e5285,scopus(3).csv,8,,True,True,0.96,1,2,False,True,1,Argument-mining context detected.; Component analysis terms (1).; Relation/linking terms (2).; Explicit 'component + relation' (multi-step).; Data/Corpus mention (1).,scopus.com,unknown,,False,False,A_minimalist_approach_to_shallow_discourse_parsing_and_implicit_relation_recognition_2014.pdf
Crowdsourcing Argumentation Structures in Chinese Hotel Reviews,"Argumentation mining aims at automatically extracting the premises-claim discourse structures in natural language texts. There is a great demand for argumentation corpora for customer reviews. However, due to the controversial nature of the argumentation annotation task, there exist very few large-scale argumentation corpora for customer reviews. In this work, we novelly use the crowdsourcing technique to collect argumentation annotations in Chinese hotel reviews. As the first Chinese argumentation dataset, our corpus includes 4814 argument component annotations and 411 argument relation annotations, and its annotations qualities are comparable to some widely used argumentation corpora in other languages.","Li, Mengxue; Geng, Shiqiang; Gao, Yang; Peng, Shuhua; Liu, Haijing; Wang, Hao",2017,"2017 IEEE INTERNATIONAL CONFERENCE ON SYSTEMS, MAN, AND CYBERNETICS (SMC)",,,8,Proceedings Paper,,,,savedrecs.csv,8,,True,True,1.02,4,2,False,True,3,Argument-mining context detected.; Component analysis terms (4).; Relation/linking terms (2).; Explicit 'component + relation' (multi-step).; Data/Corpus mention (3).,,unknown,,False,False,Crowdsourcing_Argumentation_Structures_in_Chinese_Hotel_Reviews_2017.pdf
Corpus for modeling user interactions in online persuasive discussions,"Persuasions are common in online arguments such as discussion forums. To analyze persuasive strategies, it is important to understand how individuals construct posts and comments based on the semantics of the argumentative components. In addition to understanding how we construct arguments, understanding how a user post interacts with other posts (i.e., argumentative inter-post relation) still remains a challenge. Therefore, in this study, we developed a novel annotation scheme and corpus that capture both user-generated inner-post arguments and inter-post relations between users in ChangeMyView, a persuasive forum. Our corpus consists of arguments with 4612 elementary units (EUs) (i.e., propositions), 2713 EU-to-EU argumentative relations, and 605 inter-post argumentative relations in 115 threads. We analyzed the annotated corpus to identify the characteristics of online persuasive arguments, and the results revealed persuasive documents have more claims than non-persuasive ones and different interaction patterns among persuasive and non-persuasive documents. Our corpus can be used as a resource for analyzing persuasiveness and training an argument mining system to identify and extract argument structures. The annotated corpus and annotation guidelines have been made publicly available. © European Language Resources Association (ELRA), licensed under CC-BY-NC",Egawa R.; Morio G.; Fujita K.,2020,"LREC 2020 - 12th International Conference on Language Resources and Evaluation, Conference Proceedings",,,7,Conference paper,,Argument Mining; Argument Schemes; ChangeMyView,https://www.scopus.com/inward/record.uri?eid=2-s2.0-85096542931&partnerID=40&md5=867c6acee81494e3dbafc994bd24c6a8,scopus(3).csv,7,,True,True,1.02,5,2,False,True,2,Argument-mining context detected.; Component analysis terms (5).; Relation/linking terms (2).; Explicit 'component + relation' (multi-step).; Data/Corpus mention (2).,scopus.com,unknown,,False,False,Corpus_for_modeling_user_interactions_in_online_persuasive_discussions_2020.pdf
Visual Analysis of Argumentation in Essays,"This paper presents a visual analytics system for exploring, analyzing and comparing argument structures in essay corpora. We provide an overview of the corpus by a list of ArguLines which represent the argument units of each essay by a sequence of glyphs. Each glyph encodes the stance, the depth and the relative position of an argument unit. The overview can be ordered in various ways to reveal patterns and outliers. Subsets of essays can be selected and analyzed in detail using the Argument Unit Occurrence Tree which aggregates the argument structures using hierarchical histograms. This hierarchical view facilitates the estimation of statistics and trends concerning the progression of the argumentation in the essays. It also provides insights into the commonalities and differences between selected subsets. The text view is the necessary textual basis to verify conclusions from the other views and the annotation process. Linking the views and interaction techniques for visual filtering, studying the evolution of stance within a subset of essays and scrutinizing the order of argumentative units enable a deep analysis of essay corpora. Our expert reviews confirmed the utility of the system and revealed detailed and previously unknown information about the argumentation in our sample corpus. © 1995-2012 IEEE.","Kiesel, Dora; Riehmann, Patrick; Wachsmuth, Henning; Stein, Benno; Froehlich, Bernd",2021,IEEE TRANSACTIONS ON VISUALIZATION AND COMPUTER GRAPHICS,10.1109/TVCG.2020.3030425,,7,Article,,Argumentation Visualization; Close and Distant Reading; Coordinated and Multiple Views; Glyph-based Techniques; Information Visualization; Text Analysis; Text and Document Data; Tree-based Visualization; User Interfaces; Visual Analytics,https://www.scopus.com/inward/record.uri?eid=2-s2.0-85097127137&doi=10.1109%2fTVCG.2020.3030425&partnerID=40&md5=c1191e19f1547a354095e17f1fcf62c9,savedrecs.csv,7,,True,True,1.02,5,2,False,True,2,Argument-mining context detected.; Component analysis terms (5).; Relation/linking terms (2).; Explicit 'component + relation' (multi-step).; Data/Corpus mention (2).,scopus.com,likely_institutional_access,,False,True,Visual_Analysis_of_Argumentation_in_Essays_2021.pdf
Argument Mining on Twitter: A Case Study on the Planned Parenthood Debate,"Twitter is a popular platform to share opinions and claims, which may be accompanied by the underlying rationale. Such information can be invaluable to policy makers, marketers and social scientists, to name a few. However, the effort to mine arguments on Twitter has been limited, mainly because a tweet is typically too short to contain an argument—both a claim and a premise. In this paper, we propose a novel problem formulation to mine arguments from Twitter: We formulate argument mining on Twitter as a text classification task to identify tweets that serve as premises for a hashtag that represents a claim of interest. To demonstrate the efficacy of this formulation, we mine arguments for and against funding Planned Parenthood expressed in tweets. We first present a new dataset of 24,100 tweets containing hashtag #StandWithPP or #DefundPP, manually labeled as SUPPORT WITH REASON, SUPPORT WITHOUT REASON, and NO EXPLICIT SUPPORT. We then train classifiers to determine the types of tweets, achieving the best performance of 71% F1. Our results manifest claim-specific keywords as the most informative features, which in turn reveal prominent arguments for and against funding Planned Parenthood. © 2021 Association for Computational Linguistics.",Bhatti M.M.A.; Ahmad A.S.; Park J.,2021,"8th Workshop on Argument Mining, ArgMining 2021 - Proceedings",,,7,Conference paper,,,https://www.scopus.com/inward/record.uri?eid=2-s2.0-85127169618&partnerID=40&md5=93b916ee94bc760b8816bd4b8e196ec0,scopus(3).csv,7,,True,True,0.96,2,1,False,True,1,Argument-mining context detected.; Component analysis terms (2).; Relation/linking terms (1).; Explicit 'component + relation' (multi-step).; Data/Corpus mention (1).,scopus.com,unknown,,False,False,Argument_Mining_on_Twitter_A_Case_Study_on_the_Planned_Parenthood_Debate_2021.pdf
A Framework for Detection and Identification the Components of Arguments in Arabic Legal Texts,"Argument mining processes in the legal domain it is aiming to detect and extract the premises, claims and their relations automatically from unstructured legal texts to provide structured data that can be processable by argumentation models. This paper presents a framework to detect and identify the components of arguments in texts of Arabic legal documents. The framework proposes a computational model adopts the supervised learning that integrates an annotated Arabic Legal Text corpus (ALTC), it is a collection of Iraq's Federal Court of Cassation decision documents with different binary classifiers based on relevant features to detect and identify the components of arguments from legal decisions texts as a final goal. The results of the framework experiments are promising, especially this paper is the first in argumentation mining processing at the level of the Arabic texts. © 2019 IEEE.",Jasim K.; Sadiq A.T.; Abdullah H.S.,2019,"1st International Scientific Conference of Computer and Applied Sciences, CAS 2019",10.1109/CAS47993.2019.9075650,,7,Conference paper,,Arguments detection; information extraction; legal text analysis; machine learning,https://www.scopus.com/inward/record.uri?eid=2-s2.0-85084608174&doi=10.1109%2fCAS47993.2019.9075650&partnerID=40&md5=e167bc908efe07d8060926b73cd8542b,scopus(3).csv,7,,True,True,1.02,4,2,False,True,1,Argument-mining context detected.; Component analysis terms (4).; Relation/linking terms (2).; Explicit 'component + relation' (multi-step).; Data/Corpus mention (1).,scopus.com,likely_institutional_access,,False,True,A_Framework_for_Detection_and_Identification_the_Components_of_Arguments_in_Arabic_Legal_Texts_2019.pdf
Contextual Argument Component Classification for Class Discussions,"Argument mining systems often consider contextual information, i.e. information outside of an argumentative discourse unit, when trained to accomplish tasks such as argument component identification, classification, and relation extraction. However, prior work has not carefully analyzed the utility of different contextual properties in context-aware models. In this work, we show how two different types of contextual information, local discourse context and speaker context, can be incorporated into a computational model for classifying argument components in multi-party classroom discussions. We find that both context types can improve performance, although the improvements are dependent on context size and position. © 2020 COLING 2020 - 28th International Conference on Computational Linguistics, Proceedings of the Conference. All rights reserved.",Lugini L.; Litman D.,2020,"COLING 2020 - 28th International Conference on Computational Linguistics, Proceedings of the Conference",10.18653/v1/2020.coling-main.128,All Open Access; Green Open Access; Hybrid Gold Open Access,7,Conference paper,,,https://www.scopus.com/inward/record.uri?eid=2-s2.0-85102437934&doi=10.18653%2fv1%2f2020.coling-main.128&partnerID=40&md5=88db8311114409b8c8a51f89be0aef46,scopus(3).csv,7,True,True,True,1.02,6,1,False,True,1,Argument-mining context detected.; Component analysis terms (6).; Relation/linking terms (1).; Explicit 'component + relation' (multi-step).; Data/Corpus mention (1).,scopus.com,open_access,https://aclanthology.org/2020.coling-main.128.pdf,True,False,Contextual_Argument_Component_Classification_for_Class_Discussions_2020.pdf
Can you give me a reason?: Argument-inducing online forum by argument mining,"This demonstration paper presents an argument-inducing online forum that stimulates participants with lack of premises for their claim in online discussions. The proposed forum provides its participants the following two subsystems: (1) Argument estimator for online discussions automatically generates a visualization of the argument structures in posts based on argument mining. The forum indicates structures such as claim-premise relations in real time by exploiting a state-of-the-art deep learning model. (2) Argument-inducing agent for online discussion (AIAD) automatically generates a reply post based on the argument estimator requesting further reasons to improve the argumentation of participants. Our experimental discussion demonstrates that the argument estimator can detect the argument structures from online discussions, and AIAD can induce premises from the participants. To the best of our knowledge, our argument-inducing online forum is the first approach to either visualize or request a real-time argument for online discussions. Our forum can be used to collect and induce claim-reasons pairs rather than only opinions to understand various lines of reasoning in online arguments such as civic discussions, online debates, and education objectives. The argument estimator code is available at https://github.com/EdoFrank/EMNLP2018-ArgMining-Morio and the demonstration video is available at https://youtu.be/T9fNJfneQV8. © 2019 IW3C2 (International World Wide Web Conference Committee), published under Creative Commons CC-BY 4.0 License.",Ida M.; Tatsumi T.; Morio G.; Yasui T.; Iwasa K.; Fujita K.,2019,"The Web Conference 2019 - Proceedings of the World Wide Web Conference, WWW 2019",10.1145/3308558.3314127,,6,Conference paper,,Argumentation mining; Neural network; Online forum,https://www.scopus.com/inward/record.uri?eid=2-s2.0-85066911866&doi=10.1145%2f3308558.3314127&partnerID=40&md5=909695093e838af3af802b29d5fd0769,scopus(3).csv,6,,True,True,1.0,2,3,False,True,2,Argument-mining context detected.; Component analysis terms (2).; Relation/linking terms (3).; Explicit 'component + relation' (multi-step).; Data/Corpus mention (2).,scopus.com,likely_institutional_access,,False,True,Can_you_give_me_a_reason_Argument-inducing_online_forum_by_argument_mining_2019.pdf
Xart: Discovery of correlated arguments of n-ary relations in text,"Here we present the Xart system based on a three-step hybrid method using data mining approaches and syntactic analysis to automatically discover and extract relevant data modeled as n-ary relations in plain text. A n-ary relation links a studied object with its features considered as several arguments. We addressed the challenge of designing a novel method to handle the identification and extraction of heterogeneous arguments such as symbolic arguments, quantitative arguments composed of numbers and various measurement units. We thus developed the Xart system, which relies on a domain ontology for discovering patterns, in plain text, to identify arguments involved in n-ary relations. The discovered patterns take advantage of different ontological levels that facilitate identification of all arguments and pool them in the sought n-ary relation. (c) 2016 Elsevier Ltd. All rights reserved.","Berrahou, Soumia Lilia; Buche, Patrice; Dibie, Juliette; Roche, Mathieu",2017,EXPERT SYSTEMS WITH APPLICATIONS,10.1016/j.eswa.2016.12.028,,6,Article,,,,savedrecs.csv,6,,True,True,0.97,2,4,False,False,0,Argument-mining context detected.; Component analysis terms (2).; Relation/linking terms (4).; Explicit 'component + relation' (multi-step).,,likely_institutional_access,,False,True,Xart_Discovery_of_correlated_arguments_of_n-ary_relations_in_text_2017.pdf
Multi-task Learning in Argument Mining for Persuasive Online Discussions,"We utilize multi-task learning to improve argument mining in persuasive online discussions, in which both micro-level and macro-level argumentation must be taken into consideration. Our models learn to identify argument components and the relations between them at the same time. We also tackle the low-precision which arises from imbalanced relation data by experimenting with SMOTE and XGBoost. Our approaches improve over baselines that use the same pre-trained language model but process the argument component task and two relation tasks separately. Furthermore, our results suggest that the tasks to be incorporated into multi-task learning should be taken into consideration as using all relevant tasks does not always lead to the best performance. © 2021 Association for Computational Linguistics.",Tran N.; Litman D.,2021,"8th Workshop on Argument Mining, ArgMining 2021 - Proceedings",,,6,Conference paper,,,https://www.scopus.com/inward/record.uri?eid=2-s2.0-85127161603&partnerID=40&md5=267aebd9d1b24bcb5f557c62534aa03c,scopus(3).csv,6,,True,True,1.02,4,2,False,True,1,Argument-mining context detected.; Component analysis terms (4).; Relation/linking terms (2).; Explicit 'component + relation' (multi-step).; Data/Corpus mention (1).,scopus.com,unknown,,False,False,Multi-task_Learning_in_Argument_Mining_for_Persuasive_Online_Discussions_2021.pdf
How Computational Tools Can Help Rhetoric and Informal Logic with Argument Invention,"This paper compares the features and methods of the two leading implemented systems that offer a tool for helping a user to find or invent arguments to support or attack a designated conclusion, the Carneades Argumentation System and the IBM Watson Debater tool. The central aim is to contribute to the understanding of scholars in informal logic, rhetoric and argumentation on how these two software systems can be useful for them. One contribution of the paper is to explain to these potential users how the two tools are applicable to the task of inventing arguments by using some simple illustrative examples. Another is to redefine the structure of argument invention as a procedure. © 2018, Springer Science+Business Media B.V.",Walton D.; Gordon T.F.,2019,Argumentation,10.1007/s10503-017-9439-5,,6,Article,,Argument mining; Artificial intelligence; Computational linguistics; Rhetorical invention,https://www.scopus.com/inward/record.uri?eid=2-s2.0-85041132882&doi=10.1007%2fs10503-017-9439-5&partnerID=40&md5=ae07ed1aa006d757f2e303a5a4d33d63,scopus(3).csv,6,,True,True,0.91,1,2,False,False,0,Argument-mining context detected.; Component analysis terms (1).; Relation/linking terms (2).; Explicit 'component + relation' (multi-step).,scopus.com,likely_institutional_access,,False,True,How_Computational_Tools_Can_Help_Rhetoric_and_Informal_Logic_with_Argument_Invention_2019.pdf
Acquisition and evaluation of verb subcategorization resources for biomedicine,"Background: Biomedical natural language processing (NLP) applications that have access to detailed resources about the linguistic characteristics of biomedical language demonstrate improved performance on tasks such as relation extraction and syntactic or semantic parsing. Such applications are important for transforming the growing unstructured information buried in the biomedical literature into structured, actionable information. In this paper, we address the creation of linguistic resources that capture how individual biomedical verbs behave. We specifically consider verb subcategorization, or the tendency of verbs to select co-occurrence with particular phrase types, which influences the interpretation of verbs and identification of verbal arguments in context. There are currently a limited number of biomedical resources containing information about subcategorization frames (SCFs), and these are the result of either labor-intensive manual collation, or automatic methods that use tools adapted to a single biomedical subdomain. Either method may result in resources that lack coverage. Moreover, the quality of existing verb SCF resources for biomedicine is unknown, due to a lack of available gold standards for evaluation.Results: This paper presents three new resources related to verb subcategorization frames in biomedicine, and four experiments making use of the new resources. We present the first biomedical SCF gold standards, capturing two different but widely-used definitions of subcategorization, and a new SCF lexicon, BioCat, covering a large number of biomedical sub-domains. We evaluate the SCF acquisition methodologies for BioCat with respect to the gold standards, and compare the results with the accuracy of the only previously existing automatically-acquired SCF lexicon for biomedicine, the BioLexicon. Our results show that the BioLexicon has greater precision while BioCat has better coverage of SCFs. Finally, we explore the definition of subcategorization using these resources and its implications for biomedical NLP. All resources are made publicly available.Conclusion: The SCF resources we have evaluated still show considerably lower accuracy than that reported with general English lexicons, demonstrating the need for domain- and subdomain-specific SCF acquisition tools for biomedicine. Our new gold standards reveal major differences when annotators use the different definitions. Moreover, evaluation of BioCat yields major differences in accuracy depending on the gold standard, demonstrating that the definition of subcategorization adopted will have a direct impact on perceived system accuracy for specific tasks. (c) 2013 Elsevier Inc. All rights reserved.","Rimell, Laura; Lippincott, Thomas; Verspoor, Karin; Johnson, Helen L.; Korhonen, Anna",2013,JOURNAL OF BIOMEDICAL INFORMATICS,10.1016/j.jbi.2013.01.001,,5,Article,,,,savedrecs.csv,5,,True,True,0.94,1,1,False,True,1,Argument-mining context detected.; Component analysis terms (1).; Relation/linking terms (1).; Explicit 'component + relation' (multi-step).; Data/Corpus mention (1).,,likely_institutional_access,,False,True,Acquisition_and_evaluation_of_verb_subcategorization_resources_for_biomedicine_2013.pdf
Multi-level computational methods for interdisciplinary research in the HathiTrust Digital Library,"We show how faceted search using a combination of traditional classification systems and mixed-membership topic models can go beyond keyword search to inform resource discovery, hypothesis formulation, and argument extraction for interdisciplinary research. Our test domain is the history and philosophy of scientific work on animal mind and cognition. The methods can be generalized to other research areas and ultimately support a system for semi-automatic identification of argument structures. We provide a case study for the application of the methods to the problem of identifying and extracting arguments about anthropomorphism during a critical period in the development of comparative psychology. We show how a combination of classification systems and mixed-membership models trained over large digital libraries can inform resource discovery in this domain. Through a novel approach of drill-down topic modeling-simultaneously reducing both the size of the corpus and the unit of analysis-we are able to reduce a large collection of fulltext volumes to a much smaller set of pages within six focal volumes containing arguments of interest to historians and philosophers of comparative psychology. The volumes identified in this way did not appear among the first ten results of the keyword search in the HathiTrust digital library and the pages bear the kind of close reading needed to generate original interpretations that is the heart of scholarly work in the humanities. Zooming back out, we provide a way to place the books onto a map of science originally constructed from very different data and for different purposes. The multilevel approach advances understanding of the intellectual and societal contexts in which writings are interpreted.","Murdock, Jaimie; Allen, Colin; Borner, Katy; Light, Robert; McAlister, Simon; Ravenscroft, Andrew; Rose, Robert; Rose, Doori; Otsuka, Jun; Bourget, David; Lawrence, John; Reed, Chris",2017,PLOS ONE,10.1371/journal.pone.0184188,,5,Article,,,,savedrecs.csv,5,,True,True,0.94,1,1,False,True,1,Argument-mining context detected.; Component analysis terms (1).; Relation/linking terms (1).; Explicit 'component + relation' (multi-step).; Data/Corpus mention (1).,,unknown,,False,False,Multi-level_computational_methods_for_interdisciplinary_research_in_the_HathiTrust_Digital_Library_2017.pdf
A Corpus of German Citizen Contributions in Mobility Planning: Supporting Evaluation Through Multidimensional Classification,"Political authorities in democratic countries regularly consult the public in order to allow citizens to voice their ideas and concerns on specific issues. When trying to evaluate the (often large number of) contributions by the public in order to inform decision-making, authorities regularly face challenges due to restricted resources. We identify several tasks whose automated support can help in the evaluation of public participation. These are i) the recognition of arguments, more precisely premises and their conclusions, ii) the assessment of the concreteness of arguments, iii) the detection of textual descriptions of locations in order to assign citizens' ideas to a spatial location, and iv) the thematic categorization of contributions. To enable future research efforts to develop techniques addressing these four tasks, we introduce the CIMT PartEval Corpus, a new publicly-available German-language corpus that includes several thousand citizen contributions from six mobility-related planning processes in five German municipalities. The corpus provides annotations for each of these tasks which have not been available in German for the domain of public participation before either at all or in this scope and variety. © European Language Resources Association (ELRA), licensed under CC-BY-NC-4.0.",Romberg J.; Mark L.; Escher T.,2022,"2022 Language Resources and Evaluation Conference, LREC 2022",,,5,Conference paper,,argument mining; location detection; mobility; public participation; spatial planning; thematic categorization,https://www.scopus.com/inward/record.uri?eid=2-s2.0-85144337860&partnerID=40&md5=bd6dabd34031d499e9ba62ec33fcb786,scopus(3).csv,5,,True,True,0.96,2,1,False,True,1,Argument-mining context detected.; Component analysis terms (2).; Relation/linking terms (1).; Explicit 'component + relation' (multi-step).; Data/Corpus mention (1).,scopus.com,unknown,,False,False,A_Corpus_of_German_Citizen_Contributions_in_Mobility_Planning_Supporting_Evaluation_Through_Multidimensional_Classificat_2022.pdf
PubMed captures more fine-grained bibliographic data on scientific commentary than Web of Science: A comparative analysis,"Background Research commentaries have the potential for evidence appraisal in emphasising, correcting, shaping and disseminating scientific knowledge. Objectives To identify the appropriate bibliographic source for capturing commentary information, this study compares comment data in PubMed and Web of Science (WoS) to assess their applicability in evidence appraisal. Methods Using COVID-19 as a case study, with over 27 k COVID-19 papers in PubMed as a baseline, we designed a comparative analysis for commented-commenting relations in two databases from the same dataset pool, making a fair and reliable comparison. We constructed comment networks for each database for network structural analysis and compared the characteristics of commentary materials and commented papers from various facets. Results For network comparison, PubMed surpasses WoS with more closed feedback loops, reaching a deeper six-level network compared with WoS' four levels, making PubMed well-suited for evidence appraisal through argument mining. PubMed excels in identifying specialised comments, displaying significantly lower author count (mean, 3.59) and page count (mean, 1.86) than WoS (authors, 4.31, 95% CI of difference of two means = [0.66, 0.79], p<0.001; pages, 2.80, 95% CI of difference of two means = [0.87, 1.01], p<0.001), attributed to PubMed's CICO comment identification algorithm. Commented papers in PubMed also demonstrate higher citations and stronger sentiments, especially significantly elevated disputed rates (PubMed, 24.54%; WoS, 18.8%; baseline, 8.3%; all p<0.0001). Additionally, commented papers in both sources exhibit superior network centrality metrics compared with WoS-only counterparts. Conclusion Considering the impact and controversy of commented works, the accuracy of comments and the depth of network interactions, PubMed potentially serves as a valuable resource in evidence appraisal and detection of controversial issues compared with WoS.  © Author(s) (or their employer(s)) 2024. Re-use permitted under CC BY-NC. No commercial re-use. See rights and permissions. Published by BMJ.",Wang S.; Zhang K.; Du J.,2024,BMJ Health and Care Informatics,10.1136/bmjhci-2024-101017,,4,Article,,COVID-19; Data Management; Evidence-Based Medicine,https://www.scopus.com/inward/record.uri?eid=2-s2.0-85206123229&doi=10.1136%2fbmjhci-2024-101017&partnerID=40&md5=7a8e433384f2a5336042833ed39a8ad7,scopus(3).csv,4,,True,True,0.98,1,3,False,True,1,Argument-mining context detected.; Component analysis terms (1).; Relation/linking terms (3).; Explicit 'component + relation' (multi-step).; Data/Corpus mention (1).,scopus.com,unknown,,False,False,PubMed_captures_more_fine-grained_bibliographic_data_on_scientific_commentary_than_Web_of_Science_A_comparative_analysis_2024.pdf
“Why My Essay Received a 4?”: A Natural Language Processing Based Argumentative Essay Structure Analysis,"Writing argumentative essays is a critical component of students’ learning. Previous works on automatic assessments on essay writing often focused on providing a holistic score for the input essay, which only summarized the essay’s overall quality. However, to provide more pedagogical value and equitable educational opportunities for all students, an automatized system needs to provide detailed feedback on students’ essays. To address this issue, we developed an essay argumentative structure feedback system to support educators and students. We employed natural language processing (NLP) and data mining techniques to explore the association between argumentative structure and essay scores. First, we proposed a cross-prompt, sentence-level ensemble model to classify the argumentative elements and extract the argumentative structures from the essay. The model worked across multiple datasets and achieved high performance. Second, after applying the classification model on the ACT writing tests, we performed a sequential mining process to extract representative argumentative structures. Our findings highlight the role of organizational argumentative structure in essay scoring. Furthermore, we found a common argumentative structure used by the high-scored essays. Finally, with the knowledge of argumentative elements and structures used in the previous essays, we proposed a feedback tool design to complement the current AES systems and help students improve their argument writing skill. © 2023, The Author(s), under exclusive license to Springer Nature Switzerland AG.",Yang B.; Nam S.; Huang Y.,2023,Lecture Notes in Computer Science (including subseries Lecture Notes in Artificial Intelligence and Lecture Notes in Bioinformatics),10.1007/978-3-031-36272-9_23,,4,Conference paper,,Argument mining; Automated feedback; Educational data mining; Natural language processing; Teaching analytics,https://www.scopus.com/inward/record.uri?eid=2-s2.0-85164913806&doi=10.1007%2f978-3-031-36272-9_23&partnerID=40&md5=dc3609e4c256d0b526e9482242abd4f2,scopus(3).csv,4,,True,True,1.08,2,2,True,True,2,Argument-mining context detected.; Component analysis terms (2).; Relation/linking terms (2).; Pipeline/multi-stage phrasing.; Explicit 'component + relation' (multi-step).; Data/Corpus mention (2).,scopus.com,likely_institutional_access,,False,True,Why_My_Essay_Received_a_4_A_Natural_Language_Processing_Based_Argumentative_Essay_Structure_Analysis_2023.pdf
Hierarchical neural network: Integrate divide-and-conquer and unified approach for argument unit recognition and classification,"Argument unit recognition and classification (AURC) is a promising and critical research topic in argument mining, which aims to extract the argument units that express support or opposing stance in a given argumentative text under controversial topics. Existing stud-ies treated the AURC as a sequence labeling problem and designed a unified approach to predict argument unit boundary and argument unit stance simultaneously. In this paper, we propose a general framework hierarchical neural network (HNN) for AURC, by fusing two different approach: divide-and-conquer approach and unified approach. The divide -and-conquer approach considers the correlation of the two tasks inherent in AURC (task 1: argument unit recognition, AUR and task 2: argument unit classification, AUC), and jointly optimize them for prediction by a novel probability transition matrix. Finally, we used a token-level attention mechanism to efficiently fuse probability distributions obtained by our proposed divide-and-conquer approach and existing unified approach. Experimental results on two benchmark datasets demonstrate the effectiveness of our pro-posed framework.(c) 2022 Elsevier Inc. All rights reserved.","Fu, Yujie; Wang, Suge; Li, Xiaoli; Li, Deyu; Li, Yang; Liao, Jian; Zheng, Jianxing",2023,INFORMATION SCIENCES,10.1016/j.ins.2022.12.050,,4,Article,,,,savedrecs.csv,4,,True,True,1.0,3,2,False,True,3,Argument-mining context detected.; Component analysis terms (3).; Relation/linking terms (2).; Explicit 'component + relation' (multi-step).; Data/Corpus mention (3).,,likely_institutional_access,,False,True,Hierarchical_neural_network_Integrate_divide-and-conquer_and_unified_approach_for_argument_unit_recognition_and_classifi_2023.pdf
Parsing argued opinion structure in Twitter content,"In this paper, we address the opinion argumentation mining issue from Twitter data with the objective of further analyzing Twitter users’ preferences and motivations. After introducing the argued opinion definition and its different elements, we propose an argued opinion mining system called TOMAS where we present an end-to-end approach to parse the structure of the argued opinion in order to identify its elements. Our suggested system consists of four consecutive sub-tasks, namely: (1) opinion-topic detection, (2) argumentative opinions identification, (3) argument components detection, and (4) argumentative relation recognition. The proposed system optimizes the argued opinion structure using different classification models. The experimental study is conducted on the MC2 Lab CLEF2017 tweets corpus while considering various comparative baselines. We highlight that our system significantly outperforms the majority baselines and significantly outperforms challenging existing approaches. © 2020, Springer Science+Business Media, LLC, part of Springer Nature.",Ouertatani A.; Gasmi G.; Latiri C.,2021,Journal of Intelligent Information Systems,10.1007/s10844-020-00620-x,,4,Article,,Argued opinion; Argumentation; Opinion mining; Twitter messages,https://www.scopus.com/inward/record.uri?eid=2-s2.0-85092195813&doi=10.1007%2fs10844-020-00620-x&partnerID=40&md5=25b2b159a1f74b4df510696284e0453c,scopus(3).csv,4,,True,True,1.1,4,1,True,True,1,Argument-mining context detected.; Component analysis terms (4).; Relation/linking terms (1).; Pipeline/multi-stage phrasing.; Explicit 'component + relation' (multi-step).; Data/Corpus mention (1).,scopus.com,likely_institutional_access,,False,True,Parsing_argued_opinion_structure_in_Twitter_content_2021.pdf
Automatic Analysis of Substantiation in Scientific Peer Reviews,"With the increasing amount of problematic peer reviews in top AI conferences, the community is urgently in need of automatic quality control measures. In this paper, we restrict our attention to substantiation ' one popular quality aspect indicating whether the claims in a review are sufficiently supported by evidence ' and provide a solution automatizing this evaluation process. To achieve this goal, we first formulate the problem as claim-evidence pair extraction in scientific peer reviews, and collect SubstanReview, the first annotated dataset for this task. SubstanReview consists of 550 reviews from NLP conferences annotated by domain experts. On the basis of this dataset, we train an argument mining system to automatically analyze the level of substantiation in peer reviews. We also perform data analysis on the SubstanReview dataset to obtain meaningful insights on peer reviewing quality in NLP conferences over recent years. The dataset is available at https://github.com/YanzhuGuo/SubstanReview. © 2023 Association for Computational Linguistics.",Guo Y.; Shang G.; Rennard V.; Vazirgiannis M.; Clavel C.,2023,Findings of the Association for Computational Linguistics: EMNLP 2023,10.18653/v1/2023.findings-emnlp.684,All Open Access; Green Open Access; Hybrid Gold Open Access,4,Conference paper,,,https://www.scopus.com/inward/record.uri?eid=2-s2.0-85183292002&doi=10.18653%2fv1%2f2023.findings-emnlp.684&partnerID=40&md5=dab0322b9139d5cbb912db2cc5543f7e,scopus(3).csv,4,True,True,True,0.96,2,1,False,True,3,Argument-mining context detected.; Component analysis terms (2).; Relation/linking terms (1).; Explicit 'component + relation' (multi-step).; Data/Corpus mention (3).,scopus.com,open_access,https://aclanthology.org/2023.findings-emnlp.684.pdf,True,False,Automatic_Analysis_of_Substantiation_in_Scientific_Peer_Reviews_2023.pdf
DISPUTool 2.0: A Modular Architecture for Multi-Layer Argumentative Analysis of Political Debates,"Political debates are one of the most salient moments of an election campaign, where candidates are challenged to discuss the main contemporary and historical issues in a country. These debates represent a natural ground for argumentative analysis, which has always been employed to investigate political discourse structure and strategy in philosophy and linguistics. In this paper, we present DISPUTool 2.0, an automated tool which relies on Argument Mining methods to analyse the political debates from the US presidential campaigns to extract argument components (i.e., premise and claim) and relations (i.e., support and attack), and highlight fallacious arguments. DISPUTool 2.0 allows also for the automatic analysis of a piece of a debate proposed by the user to identify and classify the arguments contained in the text. A REST API is provided to exploit the tool's functionalities. Copyright © 2023, Association for the Advancement of Artificial Intelligence (www.aaai.org). All rights reserved.",Goffredo P.; Cabrio E.; Villata S.; Haddadan S.; Sanchez J.T.,2023,"Proceedings of the 37th AAAI Conference on Artificial Intelligence, AAAI 2023",10.1609/aaai.v37i13.27069,All Open Access; Gold Open Access; Green Open Access,4,Conference paper,,,https://www.scopus.com/inward/record.uri?eid=2-s2.0-85168249422&doi=10.1609%2faaai.v37i13.27069&partnerID=40&md5=8cbab4c5d3001d2629ea7211276da32a,scopus(3).csv,4,True,True,True,1.07,6,4,True,False,0,Argument-mining context detected.; Component analysis terms (6).; Relation/linking terms (4).; Pipeline/multi-stage phrasing.; Explicit 'component + relation' (multi-step).,scopus.com,open_access,,False,False,DISPUTool_20_A_Modular_Architecture_for_Multi-Layer_Argumentative_Analysis_of_Political_Debates_2023.pdf
Fine-Grained Argument Understanding with BERT Ensemble Techniques: A Deep Dive into Financial Sentiment Analysis,"While argument mining has garnered attention over the years, its application in the financial sector remains nascent. This study presents a BERT-based ensemble learning approach tailored for sentiment analysis grounded in financial narratives, specifically focusing on unearthing arguments. For a nuanced analysis, we dissect the challenge into two pivotal subtasks using earnings conference call data: (1) Argument Unit Classification, and (2) Argument Relation Detection and Classification. Experimental results substantiate that our approach not only effectively forecasts both tasks but also outperforms the comparisons and achieve SOTA performance. This underscores the potential of our method in fine-grained argument understanding within financial analysis. © 2023 ROCLING 2023 - Proceedings of the 35th Conference on Computational Linguistics and Speech Processing. All rights reserved.",Sy E.; Peng T.-C.; Huang S.-H.; Lin H.-Y.; Chang Y.-C.,2023,ROCLING 2023 - Proceedings of the 35th Conference on Computational Linguistics and Speech Processing,,,4,Conference paper,,Ensemble Learning; Financial NLP; Sentiment Analysis,https://www.scopus.com/inward/record.uri?eid=2-s2.0-85184843649&partnerID=40&md5=57a0aa03edfed1aad4d95d077cd7bb95,scopus(3).csv,4,,True,True,0.93,2,2,False,False,0,Argument-mining context detected.; Component analysis terms (2).; Relation/linking terms (2).; Explicit 'component + relation' (multi-step).,scopus.com,unknown,,False,False,Fine-Grained_Argument_Understanding_with_BERT_Ensemble_Techniques_A_Deep_Dive_into_Financial_Sentiment_Analysis_2023.pdf
Improving Implicit Stance Classification in Tweets Using Word and Sentence Embeddings,"Argumentation Mining aims at finding components of arguments, as well as relations between them, in text. One of the largely unsolved problems is implicitness, where the text invites the reader to infer a missing component, such as the claim or a supporting statement. In the work of Wojatzki and Zesch (2016), an interesting implicitness problem is addressed on a Twitter data set. They showed that implicit stances toward a claim can be found with some success using just token and character n-grams. Using the same dataset, we show that results for this task can be improved using word and sentence embeddings, but that not all embedding variants perform alike. Specifically, we compare fastText, GloVe, and Universal Sentence Encoder (USE); and we find that, to our knowledge, USE yields state-of-the-art results for this task. © Springer Nature Switzerland AG 2019.",Schaefer R.; Stede M.,2019,Lecture Notes in Computer Science (including subseries Lecture Notes in Artificial Intelligence and Lecture Notes in Bioinformatics),10.1007/978-3-030-30179-8_26,,4,Conference paper,,Argumentation mining; Social media; Stance classification,https://www.scopus.com/inward/record.uri?eid=2-s2.0-85072854053&doi=10.1007%2f978-3-030-30179-8_26&partnerID=40&md5=7aa0609b7d8eb5732e1beafab50f35cf,scopus(3).csv,4,,True,True,1.02,3,4,False,True,2,Argument-mining context detected.; Component analysis terms (3).; Relation/linking terms (4).; Explicit 'component + relation' (multi-step).; Data/Corpus mention (2).,scopus.com,likely_institutional_access,,False,True,Improving_Implicit_Stance_Classification_in_Tweets_Using_Word_and_Sentence_Embeddings_2019.pdf
Towards a relation-based argument extraction model for argumentation mining,"Argumentation mining aims to detect and identify the argumentative content expressed in text. In this paper we present a relation-based approach that aims to capture the relation of inference between the premise and conclusion. We follow a supervised machine learning approach and explore features at different levels of abstraction. Then, we apply this system for the task of argumentative sentence detection and compare the performance of the system with a competitive baseline approach. The corpus used in our experiments was annotated with arguments from textual resources written in Portuguese, namely opinion articles. The proposed system outperforms the baseline system, achieving 0.75 of f1-score on the test set. © Springer International Publishing AG 2017.",Rocha G.; Lopes Cardoso H.,2017,Lecture Notes in Computer Science (including subseries Lecture Notes in Artificial Intelligence and Lecture Notes in Bioinformatics),10.1007/978-3-319-68456-7_8,,4,Conference paper,,Argumentation mining; Information extraction; Machine learning; Natural language processing,https://www.scopus.com/inward/record.uri?eid=2-s2.0-85032875054&doi=10.1007%2f978-3-319-68456-7_8&partnerID=40&md5=8ff14881df79118a5dad9f2d646b7bee,scopus(3).csv,4,,True,True,0.96,2,1,False,True,1,Argument-mining context detected.; Component analysis terms (2).; Relation/linking terms (1).; Explicit 'component + relation' (multi-step).; Data/Corpus mention (1).,scopus.com,likely_institutional_access,,False,True,Towards_a_relation-based_argument_extraction_model_for_argumentation_mining_2017.pdf
An Argumentation Mining Method Based on Multi-Task Iterative Learning; [基于多任务迭代学习的论辩挖掘方法],"Argumentation mining has recently become a hot topic in the field of data mining and natural language processing. Its main task is automatic identification of argumentative structures in persuasive essays so as to help people better understand the massive text information. A persuasive essay usually consists of a series of argument components. The types of argument components are generally classified into claims or premises, and the types of relationship between argument components are commonly classified into support or attack. Argumentation mining typically contains three consecutive subtasks, i.e., (1) Argument component boundary detection (ACBD Task), which involves separating argument component from non-argumentative text units and identifying the argument component boundaries; (2) Argument component identification (ACI Task), whose goal is to classify argument components into different types, such as claims or premises; (3) Argument component relation identification (RI Task), which aims to identify the relationship type between argument components, such as support or attack. Recently, many researchers have proposed a series of argumentation mining models and made brilliant improvement. However, most of the existing approaches mainly focus on modeling each subtask and ignore the correlation information among the three subtasks, resulting in low performance. In addition, some of the approaches utilize pipeline methods to jointly model three subtasks. The pipeline methods still consider each subtask independently, and train separated models for each subtask, which could lead to error propagation and redundant information in the training process. More specifically, the error of argument component boundary recognition module affects the following argument component classification performance. Similarly, the error of argument component classification also influences the performance of argument component relation identification. To solve these problems above, we propose a multi-task iterative learning method which assumes that tags predicting for one task could be useful feature for other tasks, and joints three subtasks in parallel to learn together for argumentation mining. Firstly, we obtain the shallow shared parameters of the text character and word level by utilizing the deep Convolutional Neural Network (CNN) and the highway network. And then, the Bi-directional LSTM neural network is trained to solve three subtasks at the same time to avoid error propagation. In the training process, the correlation information among each subtask is used to overcome the generation of redundant information. Finally, the output of three subtasks is concatenated as the input for the next iteration to improve the performance. Multi-Task Learning(MTL) is an important machine learning mechanism and improves the generalization performance by learning a task together with other related tasks. Our model based on MTL could iterative utilize predicting tags' distribution of each task explicitly. Experimental results on student essays published by the UKP laboratory in Germany show that, compared to the state-of-the-art models, our model improve 2.74% on accuracy, 1.05% on ""F1(100%)"" and 1.19% on ""F1(50%)"", which verify the validity of our model. Besides, results also show that the performance of multi-task learning is better than single task learning. © 2019, Science Press. All right reserved.",Liao X.-W.; Chen Z.-Z.; Gui L.; Cheng X.-Q.; Chen G.-L.,2019,Jisuanji Xuebao/Chinese Journal of Computers,10.11897/SP.J.1016.2019.01524,,3,Article,,Argumentation mining; Convolution neural network; Deep learning; Iterator model; Multi-task learning,https://www.scopus.com/inward/record.uri?eid=2-s2.0-85071154920&doi=10.11897%2fSP.J.1016.2019.01524&partnerID=40&md5=3fe8d279d8f47658f18ff32f2a2f38ea,scopus(3).csv,3,,True,True,1.12,10,4,True,True,2,Argument-mining context detected.; Component analysis terms (10).; Relation/linking terms (4).; Pipeline/multi-stage phrasing.; Explicit 'component + relation' (multi-step).; Data/Corpus mention (2).,scopus.com,unknown,,False,False,An_Argumentation_Mining_Method_Based_on_Multi-Task_Iterative_Learning_基于多任务迭代学习的论辩挖掘方法_2019.pdf
Argument-Mining from Podcasts Using ChatGPT,"Podcasts have emerged as a significant platform for the exchange of ideas, opinions, and knowledge on a variety of topics. At the same time, the extraction of arguments (called: argument mining) has received great attention. However, to the best of our knowledge, there exist no work that investigates the extraction of arguments from podcasts. One reason can be that podcasts often involve unpredictable and complex argument structures, and extracting valuable insights from them is challenging. In this work, we present the novel approach of extracting two different types of argumentative structures from podcast after transcribing them, i.e., (1) a simple but often used variant describing arguments as consisting of only a claim and a premise, where the claim describes the standpoint and the premise the reason to support or attack that claim and (2) an extended variant where an argument comprises premises, a main claim, counterarguments, and rebuttals. For this purpose, we utilize two specially designed prompts and OpenAI’s GPT-4 language model. For our test data, we chose three podcasts considering current computational constraints and the need for diversity in topics and discussion styles. Our evaluation shows the high feasibility of extracting arguments from podcasts using ChatGPT. We publish the podcasts’ transcripts as well as the extracted arguments. © 2023 CEUR-WS. All rights reserved.",Pojoni M.-L.; Dumani L.; Schenkel R.,2023,CEUR Workshop Proceedings,,,3,Conference paper,,Argument Graphs; Argument Mining; ChatGPT; Podcasts; transcriptions,https://www.scopus.com/inward/record.uri?eid=2-s2.0-85166960073&partnerID=40&md5=37807fcf1a54c6504fe3fe2e44295ed5,scopus(3).csv,3,,True,True,0.97,2,4,False,False,0,Argument-mining context detected.; Component analysis terms (2).; Relation/linking terms (4).; Explicit 'component + relation' (multi-step).,scopus.com,unknown,,False,False,Argument-Mining_from_Podcasts_Using_ChatGPT_2023.pdf
A corpus for argument analysis of academic writing: argumentative paragraph detection,"Academic writing is a complex task which requires the author to be skilled in argumentation. The goal of the academic author is to communicate clear ideas and to convince the reader of the presented claims. However, few students are good arguers, and this is a skill difficult to master Aiming to contribute to develop this skill, we present a freely available annotated corpus to support research in argumentation in Spanish. To build it, we elaborated an annotation guide to identify argumentation in paragraphs. The guide also specified how to determine segments of sentences as a claim or premise, and to indicate relations (support or attack) between such segments. Then, an annotated corpus of 300 sections was created. After its construction, the corpus was used to perform an exploratory analysis which aimed to identify and present the amount of argumentation in each section, as well as resulting patterns for argument identification. Hence, we also report an exploration of lexical features used to model automatic detection of argumentative paragraphs using machine learning techniques. The results of the experiments to evaluate argumentative paragraph detection were encouraging. In addition, we discuss a web-based prototype for argument detection in paragraphs to reach the broader academic community of students, instructors and researchers.","Miguel Garcia-Gorrostieta, Jesus; Lopez-Lopez, Aurelio",2019,JOURNAL OF INTELLIGENT & FUZZY SYSTEMS,10.3233/JIFS-179008,,3,Article,,,,savedrecs.csv,3,,True,True,1.02,3,4,False,True,2,Argument-mining context detected.; Component analysis terms (3).; Relation/linking terms (4).; Explicit 'component + relation' (multi-step).; Data/Corpus mention (2).,,unknown,,False,False,A_corpus_for_argument_analysis_of_academic_writing_argumentative_paragraph_detection_2019.pdf
Argument mining based on a structured database and its usage in an intelligent tutoring environment,"Argumentation theory is a new research area that concerns mainly with reaching a mutually acceptable conclusion using logical reasoning. Argumentation can be defined as a proof of dynamic nature and is considered as an ill-defined domain that typically lacks clear distinctions between right and wrong answers. Instead, there are often competing reasonable answers. Recently, a number of argument mapping tools have been developed to diagram, articulate, and comprehend different arguments. Despite the fact, these methods are of complementary nature, and the efforts for integrating these tools are missing. The purpose of this paper is threefold: (1) revealing a novel approach for argument representation using a structured relational argument database RADB, which has been designed, developed, and implemented in order to represent different argument analyses and diagrams, (2) presenting a classifier agent that utilizes the RADB repository by using different mining techniques in order to retrieve the most relevant arguments to the subject of search, and (3) proposing an agent-based educational environment (ALES) that utilizes the RABD together with the classifier agent to teach argument analysis.","Abbas, Safia; Sawamura, Hajime",2012,KNOWLEDGE AND INFORMATION SYSTEMS,10.1007/s10115-010-0371-3,,3,Article,,,,savedrecs.csv,3,,True,True,0.89,1,1,False,False,0,Argument-mining context detected.; Component analysis terms (1).; Relation/linking terms (1).; Explicit 'component + relation' (multi-step).,,likely_institutional_access,,False,True,Argument_mining_based_on_a_structured_database_and_its_usage_in_an_intelligent_tutoring_environment_2012.pdf
Modeling Inter Round Attack of Online Debaters for Winner Prediction,"In a debate, two debaters with opposite stances put forward arguments to fight for their viewpoints. Debaters organize their arguments to support their proposition and attack opponents' points. The common purpose of debating is to persuade the opponents and the audiences to agree with the mentioned propositions. Previous works have investigated the issue of identifying which debater is more persuasive. However, modeling the interaction of arguments between rounds is rarely discussed. In this paper, we focus on assessing the overall performance of debaters in a multi-round debate on online forums. To predict the winner in a multi-round debate, we propose a novel neural model that is aimed at capturing the interaction of arguments by exploiting raw text, structure information, argumentative discourse units (ADUs), and the relations among ADUs. Experimental results show that our model achieves competitive performance compared with the existing models, and is capable of extracting essential argument relations during a multi-round debate by leveraging argumentative structure and attention mechanism. © 2022 ACM.",Hsiao F.-H.; Yen A.-Z.; Huang H.-H.; Chen H.-H.,2022,WWW 2022 - Proceedings of the ACM Web Conference 2022,10.1145/3485447.3512006,,3,Conference paper,,Argument Mining; Debate Winner Prediction; Inter Round Attack Attention,https://www.scopus.com/inward/record.uri?eid=2-s2.0-85129891221&doi=10.1145%2f3485447.3512006&partnerID=40&md5=eb1632adedffbf857cc24783fdb6dbb2,scopus(3).csv,3,,True,True,0.97,2,6,False,False,0,Argument-mining context detected.; Component analysis terms (2).; Relation/linking terms (6).; Explicit 'component + relation' (multi-step).,scopus.com,likely_institutional_access,,False,True,Modeling_Inter_Round_Attack_of_Online_Debaters_for_Winner_Prediction_2022.pdf
End-to-End Argument Mining over Varying Rhetorical Structures,"Rhetorical Structure Theory implies no single discourse interpretation of a text, and the limitations of RST parsers further exacerbate inconsistent parsing of similar structures. Therefore, it is important to take into account that the same argumentative structure can be found in semantically similar texts with varying rhetorical structures. In this work, the differences between paraphrases within the same argument scheme are evaluated from a rhetorical perspective. The study proposes a deep dependency parsing model to assess the connection between rhetorical and argument structures. The model utilizes rhetorical relations; RST structures of paraphrases serve as training data augmentations. The method allows for end-to-end argumentation analysis using a rhetorical tree instead of a word sequence. It is evaluated on the bilingual Microtexts corpus, and the first results on fully-fledged argument parsing for the Russian version of the corpus are reported. The results suggest that argument mining can benefit from multiple variants of discourse structure. © 2023 Association for Computational Linguistics.",Chistova E.,2023,Proceedings of the Annual Meeting of the Association for Computational Linguistics,10.18653/v1/2023.findings-acl.209,All Open Access; Hybrid Gold Open Access,3,Conference paper,,,https://www.scopus.com/inward/record.uri?eid=2-s2.0-85175479811&doi=10.18653%2fv1%2f2023.findings-acl.209&partnerID=40&md5=e1f8fe8c2f78983a9f61a89bf448430f,scopus(3).csv,3,True,True,True,0.8,0,5,True,True,2,Argument-mining context detected.; Relation/linking terms (5).; Pipeline/multi-stage phrasing.; Data/Corpus mention (2).,scopus.com,open_access,https://aclanthology.org/2023.findings-acl.209.pdf,True,False,End-to-End_Argument_Mining_over_Varying_Rhetorical_Structures_2023.pdf
Neural architectures for open-type relation argument extraction,"In this work, we focus on the task of open-type relation argument extraction (ORAE): given a corpus, a query entity Q, and a knowledge base relation (e.g., Q authored notable work with title X), the model has to extract an argument of non-standard entity type (entities that cannot be extracted by a standard named entity tagger, for example, X: the title of a book or a work of art) from the corpus. We develop and compare a wide range of neural models for this task yielding large improvements over a strong baseline obtained with a neural question answering system. The impact of different sentence encoding architectures and answer extraction methods is systematically compared. An encoder based on gated recurrent units combined with a conditional random fields tagger yields the best results. We release a data set to train and evaluate ORAE, based on Wikidata and obtained by distant supervision. © Cambridge University Press 2018.",Roth B.; Conforti C.; Poerner N.; Karn S.K.; Schütze H.,2019,Natural Language Engineering,10.1017/S1351324918000451,All Open Access; Green Open Access,3,Article,,information extraction; machine learning; question answering; text data mining,https://www.scopus.com/inward/record.uri?eid=2-s2.0-85058169526&doi=10.1017%2fS1351324918000451&partnerID=40&md5=2a0885013f5c8fc0f562bb31b7f2e767,scopus(3).csv,3,True,True,True,0.98,2,2,False,True,3,Argument-mining context detected.; Component analysis terms (2).; Relation/linking terms (2).; Explicit 'component + relation' (multi-step).; Data/Corpus mention (3).,scopus.com,open_access,,False,False,Neural_architectures_for_open-type_relation_argument_extraction_2019.pdf
Detecting Slippery Slope and Other Argumentative Stances of Opposition Using Tree Kernels in Monologic Discourse,"The aim of this study is to propose an innovative methodology to classify argumentative stances in a monologic argumentative context. Particularly, the proposed approach shows that Tree Kernels can be used in combination with traditional textual vectorization to discriminate between different stances of opposition without the need of extracting highly engineered features. This can be useful in many Argument Mining sub-tasks. In particular, this work explores the possibility of classifying opposition stances by training multiple classifiers to reach different degrees of granularity. Noticeably, discriminating support and opposition stances can be particularly useful when trying to detect Argument Schemes, one of the most challenging sub-task in the Argument Mining pipeline. In this sense, the approach can be also considered as an attempt to classify stances of opposition that are related to specific Argument Schemes.","Liga, Davide; Palmirani, Monica",2019,RULES AND REASONING (RULEML+RR 2019),10.1007/978-3-030-31095-0_13,,3,Proceedings Paper,,,,savedrecs.csv,3,,True,True,0.67,0,1,True,False,0,Argument-mining context detected.; Relation/linking terms (1).; Pipeline/multi-stage phrasing.,,likely_institutional_access,,False,True,Detecting_Slippery_Slope_and_Other_Argumentative_Stances_of_Opposition_Using_Tree_Kernels_in_Monologic_Discourse_2019.pdf
Different flavors of attention networks for argument mining,"Argument mining is a rising area of Natural Language Processing (NLP) concerned with the automatic recognition and interpretation of argument components and their relations. Neural models are by now mature technologies to be exploited for automating the argument mining tasks, despite the issue of data sparseness. This could ease much of the manual effort involved in these tasks, taking into account heterogeneous types of texts and topics. In this work, we evaluate different attention mechanisms applied over a state-of-the-art architecture for sequence labeling. We assess the impact of different flavors of attention in the task of argument component detection over two datasets: Essays and legal domain. We show that attention not only models the problem better but also supports interpretability. © 2019, Association for the Advancement of Artificial Intelligence (www.aaai.org). All rights reserved.",Frau J.; Teruel M.; Alemany L.A.; Villata S.,2019,"Proceedings of the 32nd International Florida Artificial Intelligence Research Society Conference, FLAIRS 2019",,,3,Conference paper,,,https://www.scopus.com/inward/record.uri?eid=2-s2.0-85096569474&partnerID=40&md5=48661ea5d063d9dc9718be53fc9560ea,scopus(3).csv,3,,True,True,1.02,4,3,False,True,2,Argument-mining context detected.; Component analysis terms (4).; Relation/linking terms (3).; Explicit 'component + relation' (multi-step).; Data/Corpus mention (2).,scopus.com,unknown,,False,False,Different_flavors_of_attention_networks_for_argument_mining_2019.pdf
HHU at SemEval-2018 Task 12: Analyzing an Ensemble-based Deep Learning Approach for the Argument Mining Task of Choosing the Correct Warrant,"This paper describes our participation in the SemEval-2018 Task 12 Argument Reasoning Comprehension Task which calls to develop systems that, given a reason and a claim, predict the correct warrant from two opposing options. We decided to use a deep learning architecture and combined 623 models with different hyperparameters into an ensemble. Our extensive analysis of our architecture and ensemble reveals that the decision to use an ensemble was suboptimal. Additionally, we benchmark a support vector machine as a baseline. Furthermore, we experimented with an alternative data split and achieved more stable results. © 2018 Association for Computational Linguistics",Liebeck M.; Funke A.; Conrad S.,2018,"NAACL HLT 2018 - International Workshop on Semantic Evaluation, SemEval 2018 - Proceedings of the 12th Workshop",,,3,Conference paper,,,https://www.scopus.com/inward/record.uri?eid=2-s2.0-85096600887&partnerID=40&md5=8a0d6d45a3aee7190ed1a2c13a2e186c,scopus(3).csv,3,,True,True,0.94,1,1,False,True,1,Argument-mining context detected.; Component analysis terms (1).; Relation/linking terms (1).; Explicit 'component + relation' (multi-step).; Data/Corpus mention (1).,scopus.com,unknown,,False,False,HHU_at_SemEval-2018_Task_12_Analyzing_an_Ensemble-based_Deep_Learning_Approach_for_the_Argument_Mining_Task_of_Choosing_2018.pdf
Toward stance classification based on claim microstructures,"Claims are the building blocks of arguments and the reasons underpinning opinions, thus analyzing claims is important for both argumentation mining and opinion mining. We propose a framework for representing claims as microstructures, which express the beliefs, judgments, and policies about the relations between domain-specific concepts. In a proof-of-concept study, we manually build microstructures for over 800 claims extracted from an online debate. We test the so-obtained microstructures on the task of claim stance classification, achieving considerable improvements over text-based baselines. © 2017 Association for Computational Linguistics.",Boltužić F.; Šnajder J.,2017,"EMNLP 2017 - 8th Workshop on Computational Approaches to Subjectivity, Sentiment and Social Media Analysis, WASSA 2017 - Proceedings of the Workshop",10.18653/v1/w17-5210,All Open Access; Hybrid Gold Open Access,3,Conference paper,,,https://www.scopus.com/inward/record.uri?eid=2-s2.0-85076768052&doi=10.18653%2fv1%2fw17-5210&partnerID=40&md5=14b975bec85c08d5e0f8e042a2355245,scopus(3).csv,3,True,True,True,0.91,1,2,False,False,0,Argument-mining context detected.; Component analysis terms (1).; Relation/linking terms (2).; Explicit 'component + relation' (multi-step).,scopus.com,open_access,https://aclanthology.org/w17-5210.pdf,True,False,Toward_stance_classification_based_on_claim_microstructures_2017.pdf
Discourse-Driven Argument Mining in Scientific Abstracts,Argument mining consists in the automatic identification of argumentative structures in texts. In this work we address the open question of whether discourse-level annotations can contribute to facilitate the identification of argumentative components and relations in scientific literature. We conduct a pilot study by enriching a corpus of computational linguistics abstracts that contains discourse annotations with a new argumentative annotation level. The results obtained from preliminary experiments confirm the potential value of the proposed approach.,"Accuosto, Pablo; Saggion, Horacio",2019,NATURAL LANGUAGE PROCESSING AND INFORMATION SYSTEMS (NLDB 2019),10.1007/978-3-030-23281-8_15,,3,Proceedings Paper,,,,savedrecs.csv,3,,True,True,0.98,2,2,False,True,1,Argument-mining context detected.; Component analysis terms (2).; Relation/linking terms (2).; Explicit 'component + relation' (multi-step).; Data/Corpus mention (1).,,likely_institutional_access,,False,True,Discourse-Driven_Argument_Mining_in_Scientific_Abstracts_2019.pdf
Global information-aware argument mining based on a top-down multi-turn QA model,"Argument mining (AM) aims to automatically generate a graph that represents the argument structure of a document. Most previous AM models only pay attention to a single argument component (AC) to classify the type of the AC or a pair of ACs to identify and classify the argumentative relation (AR) between the two ACs. These models ignore the impact of global argument structure of the documents, which is important, especially in some highly structured genres such as scientific papers, where the process of argumentation is relatively fixed. Inspired by this, we propose a novel two-stage model which leverages global structure information to support AM. The first stage uses a multi-turn question-answering model to incrementally generate an initial argumentative graph that identifies relations among ACs. At each turn, all ACs related to the query AC are generated simultaneously, such that the sibling global information between the answer ACs is considered. In addition, the partially constructed graph is used as global structure information to support the extension of the graph with additional ACs. After the whole initial graph structure has been determined, the second stage assigns semantic types to both the ACs and ARs among them, leveraging information from this initial graph as global structure information. We test the proposed methods on two scientific datasets (one is the AbstRCT dataset including 659 abstracts about cancer research and the other is the SciARG dataset that consists of 225 computer linguistic abstracts and 285 biomedical abstracts) and a student essay dataset PE with 402 essays. Our experiments show that our model improves the state-of-the-art performance on two scientific datasets for different AM subtasks, with average improvements of 1%, 2.41%, 1.1% for the ACC, ARI and ARC task respectively on the AbstRCT dataset, and 2.36%, 1.84%, 8.87% for the ACC, ARI and ARC task on the SciARG dataset. Our model also achieves comparative results on the PE datasets: 87.7% of F1 scores for the ACC task, 81.4% for the ARI task and 78.8% for the ARC task.","Liu, Boyang; Schlegel, Viktor; Thompson, Paul; Batista-Navarro, Riza Theresa; Ananiadou, Sophia",2023,INFORMATION PROCESSING & MANAGEMENT,10.1016/j.ipm.2023.103445,,2,Article,,,,savedrecs.csv,2,,True,True,1.1,2,3,True,True,2,Argument-mining context detected.; Component analysis terms (2).; Relation/linking terms (3).; Pipeline/multi-stage phrasing.; Explicit 'component + relation' (multi-step).; Data/Corpus mention (2).,,likely_institutional_access,,False,True,Global_information-aware_argument_mining_based_on_a_top-down_multi-turn_QA_model_2023.pdf
Unsupervised Domain Adaptation for Joint Information Extraction,"Joint Information Extraction (JIE) aims to jointly solve multiple tasks in the Information Extraction pipeline (e.g., entity mention, event trigger, relation, and event argument extraction). Due to their ability to leverage task dependencies and avoid error propagation, JIE models have presented state-of-the-art performance for different IE tasks. However, an issue with current JIE methods is that they only focus on standard supervised learning setting where training and test data comes from the same domain. Cross-domain/domain adaptation learning with training and test data in different domains have not been explored for JIE, thus hindering the application of this technology to different domains in practice. To address this issue, our work introduces the first study to evaluate performance of JIE models in unsupervised domain adaptation setting. In addition, we present a novel method to induce domain-invariant representations for the tasks in JIE, called Domain Adaptation for Joint Information Extraction (DA4JIE). In DA4JIE, we propose an Instance-relational Domain Adaptation mechanism that seeks to align representations of task instances in JIE across domains through a generalized version of domain-adversarial learning approach. We further devise a Context-invariant Structure Learning technique to filter domain-specialized contextual information from induced representations to boost performance of JIE models in new domains. Extensive experiments and analyses demonstrate that DA4JIE can significantly improve out-of-domain performance for current state-of-the-art JIE systems for all IE tasks. © 2022 Association for Computational Linguistics.",Ngo N.T.; Min B.; Nguyen T.H.,2022,Findings of the Association for Computational Linguistics: EMNLP 2022,10.18653/v1/2022.findings-emnlp.381,All Open Access; Hybrid Gold Open Access,2,Conference paper,,,https://www.scopus.com/inward/record.uri?eid=2-s2.0-85149873814&doi=10.18653%2fv1%2f2022.findings-emnlp.381&partnerID=40&md5=fd6b34ab190a4d75157c7b5aa7ad3cfc,scopus(3).csv,2,True,True,True,0.67,0,1,True,False,0,Argument-mining context detected.; Relation/linking terms (1).; Pipeline/multi-stage phrasing.,scopus.com,open_access,https://aclanthology.org/2022.findings-emnlp.381.pdf,True,False,Unsupervised_Domain_Adaptation_for_Joint_Information_Extraction_2022.pdf
Seeing both sides: context-aware heterogeneous graph matching networks for extracting-related arguments,"Our research focuses on extracting exchanged views from dialogical documents through argument pair extraction (APE). The objective of this process is to facilitate comprehension of complex argumentative discourse by finding the related arguments. The APE comprises two stages: argument mining and argument matching. Researchers typically employ sequence labeling models for mining arguments and text matching models to calculate the relationships between them, thereby generating argument pairs. However, these approaches fail to capture long-distance contextual information and struggle to fully comprehend the complex structure of arguments. In our work, we propose the context-aware heterogeneous graph matching (HGMN) model for the APE task. First, we design a graph schema specifically tailored to argumentative texts, along with a heterogeneous graph attention network that effectively captures context information and structural information of arguments. Moreover, the text matching between arguments is converted into a graph matching paradigm and a multi-granularity graph matching model is proposed to handle the intricate relationships between arguments at various levels of granularity. In this way, the semantics of argument are modeled structurally and thus capture the complicated correlations between arguments. Extensive experiments are conducted to evaluate the HGMN model, including comparisons with existing methods and the GPT series of large language models (LLM). The results demonstrate that HGMN outperforms the state-of-the-art method. © The Author(s) 2023.",Mao T.; Yoshie O.; Fu J.; Mao W.,2024,Neural Computing and Applications,10.1007/s00521-023-09250-0,All Open Access; Hybrid Gold Open Access,2,Article,,Argument mining; Argument pair extraction; Graph matching networks; Heterogeneous graph neural networks; Natural language process,https://www.scopus.com/inward/record.uri?eid=2-s2.0-85180239423&doi=10.1007%2fs00521-023-09250-0&partnerID=40&md5=6bd4e9ee8537bf197cc1dd395ec91f87,scopus(3).csv,2,True,True,True,0.69,0,2,True,False,0,Argument-mining context detected.; Relation/linking terms (2).; Pipeline/multi-stage phrasing.,scopus.com,open_access,,False,False,Seeing_both_sides_context-aware_heterogeneous_graph_matching_networks_for_extracting-related_arguments_2024.pdf
Biomedical Argument Mining Based on Sequential Multi-Task Learning,"Biomedical argument mining aims to automatically identify and extract the argumentative structure in biomedical text. It helps to determine not only what positions people adopt, but also why they hold such opinions, which provides valuable insights into medical decision making. Generally, biomedical argument mining consists of three subtasks: argument component identification, argument component classification and relation identification. Current approaches employ conventional multi-task learning framework for jointly addressing the latter two subtasks, and achieve some success. However, explicit sequential dependency between these two subtasks is ignored, which is crucial for accurate biomedical argument mining. Moreover, relation identification is conducted solely based on the argument component pair without considering its potentially valuable context. Therefore, in this paper, a novel sequential multi-task learning approach is proposed for biomedical argument mining. Specifically, to model explicit sequential dependency between argument component classification and relation identification, an information transfer strategy is employed to capture the information of argument component type that is transferred to relation identification. Furthermore, graph convolutional network is employed to model dependency relation among the related argument component pairs. The proposed method has been evaluated on a benchmark dataset and the experimental results show that the proposed method outperforms the state-of-the-art methods.","Si, Jiasheng; Sun, Liu; Zhou, Deyu; Ren, Jie; Li, Lin",2023,IEEE-ACM TRANSACTIONS ON COMPUTATIONAL BIOLOGY AND BIOINFORMATICS,10.1109/TCBB.2022.3173447,,2,Article,,,,savedrecs.csv,2,,True,True,1.1,3,2,True,True,2,Argument-mining context detected.; Component analysis terms (3).; Relation/linking terms (2).; Pipeline/multi-stage phrasing.; Explicit 'component + relation' (multi-step).; Data/Corpus mention (2).,,likely_institutional_access,,False,True,Biomedical_Argument_Mining_Based_on_Sequential_Multi-Task_Learning_2023.pdf
Which Side Are You On? A Multi-task Dataset for End-to-End Argument Summarisation and Evaluation,"With the recent advances of large language models (LLMs), it is no longer infeasible to build an automated debate system that helps people to synthesise persuasive arguments. Previous work attempted this task by integrating multiple components. In our work, we introduce an argument mining dataset that captures the end-to-end process of preparing an argumentative essay for a debate, which covers the tasks of claim and evidence identification (Task 1 ED), evidence convincingness ranking (Task 2 ECR), argumentative essay summarisation and human preference ranking (Task 3 ASR) and metric learning for automated evaluation of resulting essays, based on human feedback along argument quality dimensions (Task 4 SQE). Our dataset contains 14k examples of claims that are fully annotated with the various properties supporting the aforementioned tasks. We evaluate multiple generative baselines for each of these tasks, including representative LLMs. We find, that while they show promising results on individual tasks in our benchmark, their end-to-end performance on all four tasks in succession deteriorates significantly, both in automated measures as well as in human-centred evaluation. This challenge presented by our proposed dataset motivates future research on end-to-end argument mining and summarisation. The repository of this project is available at https://github.com/HarrywillDr/ArgSum-Datatset. © 2024 Association for Computational Linguistics.",Li H.; Wu Y.; Schlegel V.; Batista-Navarro R.; Madusanka T.; Zahid I.; Zeng J.; Wang X.; He X.; Li Y.; Nenadic G.,2024,Proceedings of the Annual Meeting of the Association for Computational Linguistics,10.18653/v1/2024.findings-acl.9,All Open Access; Green Open Access,2,Conference paper,,,https://www.scopus.com/inward/record.uri?eid=2-s2.0-85205054553&doi=10.18653%2fv1%2f2024.findings-acl.9&partnerID=40&md5=010c6e25f1c6198e51c5c3d711cef152,scopus(3).csv,2,True,True,True,1.08,3,1,True,True,4,Argument-mining context detected.; Component analysis terms (3).; Relation/linking terms (1).; Pipeline/multi-stage phrasing.; Explicit 'component + relation' (multi-step).; Data/Corpus mention (4).,scopus.com,open_access,https://aclanthology.org/2024.findings-acl.9.pdf,True,False,Which_Side_Are_You_On_A_Multi-task_Dataset_for_End-to-End_Argument_Summarisation_and_Evaluation_2024.pdf
AutoAM: An End-To-End Neural Model for Automatic and Universal Argument Mining,"Argument mining is to analyze argument structure and extract important argument information from unstructured text. An argument mining system can help people automatically gain causal and logical information behind the text. As argumentative corpus gradually increases, like more people begin to argue and debate on social media, argument mining from them is becoming increasingly critical. However, argument mining is still a big challenge in natural language tasks due to its difficulty, and relative techniques are not mature. For example, research on non-tree argument mining needs to be done more. Most works just focus on extracting tree structure argument information. Moreover, current methods cannot accurately describe and capture argument relations and do not predict their types. In this paper, we propose a novel neural model called AutoAM to solve these problems. We first introduce the argument component attention mechanism in our model. It can capture the relevant information between argument components, so our model can better perform argument mining. Our model is a universal end-to-end framework, which can analyze argument structure without constraints like tree structure and complete three subtasks of argument mining in one model. The experiment results show that our model outperforms the existing works on several metrics in two public datasets. © The Author(s), under exclusive license to Springer Nature Switzerland AG 2023.",Cao L.,2023,Lecture Notes in Computer Science (including subseries Lecture Notes in Artificial Intelligence and Lecture Notes in Bioinformatics),10.1007/978-3-031-46674-8_36,,2,Conference paper,,Argument Mining; Information Extraction; Natural Language Processing,https://www.scopus.com/inward/record.uri?eid=2-s2.0-85177479788&doi=10.1007%2f978-3-031-46674-8_36&partnerID=40&md5=ec38dd4293d6f99696e07c1e3eb4b4bc,scopus(3).csv,2,,True,True,1.12,4,4,True,True,3,Argument-mining context detected.; Component analysis terms (4).; Relation/linking terms (4).; Pipeline/multi-stage phrasing.; Explicit 'component + relation' (multi-step).; Data/Corpus mention (3).,scopus.com,likely_institutional_access,,False,True,AutoAM_An_End-To-End_Neural_Model_for_Automatic_and_Universal_Argument_Mining_2023.pdf
Large-scale Argument Visualization (LSAV),"Arguments are structures of premises and conclusions that underpin rational reasoning processes. Within complex knowledge domains, especially if they are contentious, argument structures can become large and complex. Visualization tools have been developed that support argument analysts and help them to work with arguments. Until recently, arguments were manually analyzed from natural language text, or constructed from scratch, but new communication modes mean that increasing amounts of debate and the arguments therein can be captured digitally. Furthermore, new tools and techniques for argument mining are beginning to automate the process of extracting argument structure from natural language; leading to much larger argument datasets that present problems for the current generation of argument visualization tools. Additionally, individual argument analysts have different foci which can lead to increased complexity within datasets, and additional facets that argument visualizations should account for but do not. We propose a tool for interacting with argument corpora that enable users to explore and understand the reasoning structure of large-scale arguments. The tool will support a range of interactivity techniques and will help users to explore and analyse large-scale arguments, to more rapidly comprehend complex new problem domains. © 2016 The Author(s).",Khartabil D.; Wells S.; Kennedy J.,2016,"EuroVis 2016 - Eurographics / IEEE VGTC Conference on Visualization 2016, Posters",10.2312/eurp.20161143,,2,Conference paper,,,https://www.scopus.com/inward/record.uri?eid=2-s2.0-85045543317&doi=10.2312%2feurp.20161143&partnerID=40&md5=2e4be90e2597ba2a37d2486862419373,scopus(3).csv,2,,True,True,0.98,2,2,False,True,3,Argument-mining context detected.; Component analysis terms (2).; Relation/linking terms (2).; Explicit 'component + relation' (multi-step).; Data/Corpus mention (3).,scopus.com,unknown,,False,False,Large-scale_Argument_Visualization_LSAV_2016.pdf
Fallacies of Appeal to Emotions Corpus: an Approach to Automatic Fallacies Identification; [Corpus de Falacias por Apelación a las Emociones: una Aproximación a la Identificación Automática de Falacias],"Political speeches in electoral campaigns are aimed at mobilizing and attracting the electorate with persuasive messages, and are mainly argued appealing to emotions, committing fallacies. This article presents a fallacies corpus of political speeches made by presidency candidates of Mexico, with the aim obtaining a linguistic resource in Spanish that allows computer development systems for its mining. Until now, there is no known fallacies corpus for Spanish language and arguments corpus elaborated in Argument Mining area are limited to argumentative structure tagging and are not elaborated from political speeches. The corpus was elaborated with arguments extracted from the speeches and a manual annotation of premises and conclusions was made. Inter-annotator agreement of 0.692 was obtained using Cohen's kappa index. Subsequently, valid arguments and fallacies were identified, and 0.442 agreement was obtained with the same index as a result. As an additional contribution, a fallacies identification baseline is presented using cosine similarity, support vector machine, logistic regression and decision trees methods, and effective extraction terms in the arguments. In this baseline, an 0.62 F1-score was obtained and it is a comparison result for future research. © 2022 Universidade do Minho. All rights reserved.",Nieto-Benitez K.; Alejandro Castro-Sánchez N.; Jiménez Salazar H.; Bel-Enguix G.,2022,Linguamatica,10.21814/lm.14.2.376,All Open Access; Gold Open Access; Green Open Access,2,Article,,arguments; corpus; emotions; fallacies,https://www.scopus.com/inward/record.uri?eid=2-s2.0-85149793489&doi=10.21814%2flm.14.2.376&partnerID=40&md5=a20e3c3a1f66107a59866f633f89a3e5,scopus(3).csv,2,True,True,True,0.96,2,1,False,True,1,Argument-mining context detected.; Component analysis terms (2).; Relation/linking terms (1).; Explicit 'component + relation' (multi-step).; Data/Corpus mention (1).,scopus.com,open_access,,False,False,Fallacies_of_Appeal_to_Emotions_Corpus_an_Approach_to_Automatic_Fallacies_Identification_Corpus_de_Falacias_por_Apelació_2022.pdf
Structured prediction models for argumentative claim parsing from text,"The internet abounds with opinions expressed in text. While a number of natural language processing techniques have been proposed for opinion analysis from text, most offer only a shallow analysis without providing any insights into reasons supporting the opinions. In online discussions, however, opinions are typically expressed as arguments, consisting of a set of claims endowed with internal semantic structure amenable to deeper analysis. In this article, we introduce the task of argumentative claim parsing (ACP), which aims at extracting semantic structures of claims from argumentative text. The task is split into two subtasks: claim segmentation and claim structuring. We present a new dataset on two discussion topics with claims manually annotated for both subtasks. Inspired by structured prediction approaches, we propose a number of supervised machine learning models for the ACP task, including deep learning, chain classifier, and joint learning models. Our experiments reveal that claim segmentation is a relatively feasible task, with the best-performing model achieving up to 0.37 and 0.79 exact and lenient macro-averaged F1-score, respectively. Claim structuring, however, proved to be a more challenging task, with the best-performing models achieving at most 0.08 macro-averaged F1-score. © 2020 The Author(s). Published by Informa UK Limited, trading as Taylor & Francis Group.","Boltuzic, Filip; Snajder, Jan",2020,AUTOMATIKA,10.1080/00051144.2020.1761101,,2,Article,,argumentation mining; deep learning; machine learning; natural language processing; Opinion mining; structured prediction,https://www.scopus.com/inward/record.uri?eid=2-s2.0-85130377539&doi=10.1080%2f00051144.2020.1761101&partnerID=40&md5=406fb3af3d4bf9984fd8cb4e2a35d992,savedrecs.csv,2,True,True,True,0.96,2,1,False,True,1,Argument-mining context detected.; Component analysis terms (2).; Relation/linking terms (1).; Explicit 'component + relation' (multi-step).; Data/Corpus mention (1).,scopus.com,open_access,,False,False,Structured_prediction_models_for_argumentative_claim_parsing_from_text_2020.pdf
Mining arguments from cancer documents using Natural Language Processing and ontologies,"In the medical domain, the continuous stream of scientific research contains contradictory results supported by arguments and counter-arguments. As medical expertise occurs at different levels, part of the human agents have difficulties to face the huge amount of studies, but also to understand the reasons and pieces of evidences claimed by the proponents and the opponents of the debated topic. To better understand the supporting arguments for new findings related to current state of the art in the medical domain we need tools able to identify arguments in scientific papers. Our work here aims to fill the above technological gap. We rely on the well-known interleaving of domain knowledge with natural language processing. To formalise the existing medical knowledge, we rely on ontologies. To structure the argumentation model we use also the expressivity and reasoning capabilities of Description Logics. To perform argumentation mining we formalise various linguistic patterns in a rule-based language. We tested our solution against a corpus of scientific papers related to breast cancer. The run experiments show a F-measure between 0.71 and 0.86 for identifying conclusions of an argument and between 0.65 and 0.86 for identifying premises of an argument. © 2016 IEEE.",Groza A.; Popa O.M.,2016,"Proceedings - 2016 IEEE 12th International Conference on Intelligent Computer Communication and Processing, ICCP 2016",10.1109/ICCP.2016.7737126,All Open Access; Green Open Access,2,Conference paper,,Argumentation mining; Argumentation model; Breast cancer; Medical arguments; Natural language processing,https://www.scopus.com/inward/record.uri?eid=2-s2.0-85006931237&doi=10.1109%2fICCP.2016.7737126&partnerID=40&md5=36249e1c55edf7395529550e57b29369,scopus(3).csv,2,True,True,True,1.0,3,2,False,True,1,Argument-mining context detected.; Component analysis terms (3).; Relation/linking terms (2).; Explicit 'component + relation' (multi-step).; Data/Corpus mention (1).,scopus.com,open_access,,False,False,Mining_arguments_from_cancer_documents_using_Natural_Language_Processing_and_ontologies_2016.pdf
Fallacies of Appeal to Emotions Corpus: an Approach to Automatic Fallacies Identification,"Political speeches in electoral campaigns are aimed at mobilizing and attracting the electorate with persuasive messages, and are mainly argued appealing to emotions, committing fallacies. This article presents a fallacies corpus of political speeches made by presidency candidates of Mexico, with the aim obtaining a linguistic resource in Spanish that allows computer development systems for its mining. Until now, there is no known fallacies corpus for Spanish language and arguments corpus elaborated in Argument Mining area are limited to argumentative structure tagging and are not elaborated from political speeches. The corpus was elaborated with arguments extracted from the speeches and a manual annotation of premises and conclusions was made. Inter-annotator agreement of 0.692 was obtained using Cohen's kappa index. Subsequently, valid arguments and fallacies were identified, and 0.442 agreement was obtained with the same index as a result. As an additional contribution, a fallacies identification baseline is presented using cosine similarity, support vector machine, logistic regression and decision trees methods, and effective extraction terms in the arguments.In this baseline, an 0.62 F1-score was obtained and it is a comparison result for future research.","Nieto-Benitez, Kenia; Alejandro Castro-Sanchez, Noe; Jimenez Salazar, Hector; Bel-Enguix, Gemma",2022,LINGUAMATICA,10.21814/lm.14.2.376,,2,Article,,,,savedrecs.csv,2,,True,True,0.96,2,1,False,True,1,Argument-mining context detected.; Component analysis terms (2).; Relation/linking terms (1).; Explicit 'component + relation' (multi-step).; Data/Corpus mention (1).,,unknown,,False,False,Fallacies_of_Appeal_to_Emotions_Corpus_an_Approach_to_Automatic_Fallacies_Identification_2022.pdf
Exploring Large Language Models in Financial Argument Relation Identification,"In the dynamic landscape of financial analytics, the argumentation within Earnings Conference Calls (ECCs) provides valuable insights for investors and market participants. This paper delves into the automatic relation identification between argument components in this type of data, a poorly studied task in the literature. To tackle this challenge, we empirically examined and analysed a wide range of open-source models, as well as the Generative Pre-trained Transformer GPT-4. On the one hand, our experiments in open-source models spanned general-purpose models, debate-fine-tuned models, and financial-fine-tuned models. On the other hand, we assessed the performance of GPT-4 zero-shot learning on a financial argumentation dataset (FinArg). Our findings show that a smaller open-source model, fine-tuned on relevant data, can perform as a much larger general-purpose one, showing the value of enriching the local embeddings with the semantic context of data. However, GPT-4 demonstrated superior performance with F1-score of 0.81, even with no given samples or shots. In this paper, we detail our data, models and experimental setup. We also provide further performance analysis from different aspects. © 2024 ELRA Language Resource Association.",Otiefy Y.; Alhamzeh A.,2024,"Joint Workshop of the 7th Financial Technology and Natural Language Processing, the 5th Knowledge Discovery from Unstructured Data in Financial Services and the 4th Economics and Natural Language Processing, FinNLP-KDF-ECONLP 2024 at LREC-COLING 2024 - Workshop Proceedings",,,2,Conference paper,,argument mining; financial domain; GPT-4; large language models (LLMs); natural language processing (NLP); zeroshot learning,https://www.scopus.com/inward/record.uri?eid=2-s2.0-85195216406&partnerID=40&md5=6d82fb6db9e71e466f88baa4b7f25e6a,scopus(3).csv,2,,True,True,1.02,4,2,False,True,1,Argument-mining context detected.; Component analysis terms (4).; Relation/linking terms (2).; Explicit 'component + relation' (multi-step).; Data/Corpus mention (1).,scopus.com,unknown,,False,False,Exploring_Large_Language_Models_in_Financial_Argument_Relation_Identification_2024.pdf
Detecting implicit expressions of affect from text using semantic knowledge on common concept properties,"Emotions are an important part of the human experience. They are responsible for the adaptation and integration in the environment, offering, most of the time together with the cognitive system, the appropriate responses to stimuli in the environment. As such, they are an important component in decision-making processes. In today's society, the avalanche of stimuli present in the environment (physical or virtual) makes people more prone to respond to stronger affective stimuli (i.e., those that are related to their basic needs and motivations - survival, food, shelter, etc.). In media reporting, this is translated in the use of arguments (factual data) that are known to trigger specific (strong, affective) behavioural reactions from the readers. This paper describes initial efforts to detect such arguments from text, based on the properties of concepts. The final system able to retrieve and label this type of data from the news in traditional and social platforms is intended to be integrated Europe Media Monitor family of applications to detect texts that trigger certain (especially negative) reactions from the public, with consequences on citizen safety and security.",Balahur A.; Tanev H.,2016,"Proceedings of the 10th International Conference on Language Resources and Evaluation, LREC 2016",,,2,Conference paper,,Argument mining; Common-sense knowledge; Decision support; Emotion detection; Emotion triggers; Media monitoring,https://www.scopus.com/inward/record.uri?eid=2-s2.0-85037071651&partnerID=40&md5=4149f127cf911249669e8664ee884042,scopus(3).csv,2,,True,True,0.89,1,1,False,False,0,Argument-mining context detected.; Component analysis terms (1).; Relation/linking terms (1).; Explicit 'component + relation' (multi-step).,scopus.com,unknown,,False,False,Detecting_implicit_expressions_of_affect_from_text_using_semantic_knowledge_on_common_concept_properties_2016.pdf
A Hotel Review Corpus for Argument Mining,"With the development of the network, the research of user reviews has become more important in academia and industry, because user reviews gradually influence the reputation of products and services. Argument mining has recently become a hot topic, and it is currently in the center of attention of the text mining research community. We can deeply dig out information contained in the user reviews with argument mining technology. This paper makes a corpus of hotel reviews and presents a novel scheme to model arguments, their components and relations in hotel reviews in English. In order to capture the structure of argumentative discourse, the annotation scheme includes the annotation of Major Claim, Claim, Premise, Background and Recommendation as well as Support and Attack relations. The sentiment polarity of argument components contains Positive, Negative and Neutral. We conduct a manual annotation study with 300 annotators on 1427 hotel reviews. And the final corpus collects 85 hotel reviews according to inter-rater agreement and it will encourage future study in argument recognition. &#x00A9; 2019, Springer Nature Singapore Pte Ltd.",Duan X.; Liao M.; Zhao X.; Wu W.; Lv P.,2019,Communications in Computer and Information Science,10.1007/978-981-13-7983-3_29,,2,Conference paper,,Argument mining; Corpus; Hotel reviews,https://www.scopus.com/inward/record.uri?eid=2-s2.0-85065761157&doi=10.1007%2f978-981-13-7983-3_29&partnerID=40&md5=c983b349f9d4308651907f05d1643291,scopus(3).csv,2,,True,True,1.02,8,4,False,True,1,Argument-mining context detected.; Component analysis terms (8).; Relation/linking terms (4).; Explicit 'component + relation' (multi-step).; Data/Corpus mention (1).,scopus.com,likely_institutional_access,,False,True,A_Hotel_Review_Corpus_for_Argument_Mining_2019.pdf
Ensemble BERT Techniques for Financial Sentiment Analysis and Argument Understanding with Linguistic Features in Social Media Analytics,"Financial argument mining provides a systematic approach to extract valuable insights from vast number of financial texts which can be used for tasks such as investment analysis, risk assessment and financial news summarization. Our study, which focused on argument unit identification and argument relation detection and classification provides a novel ensemble approach by combining traditional machine learning and fine-tuned language models such as BERT and its variations, with techniques to address data imbalance and a robust voting mechanism to form a consensus to enhance prediction accuracy. Through our experiments, we were able to achieve Macro-F1 scores of 77.08% for argument unit identification. Macro-F1 scores of 57.90% were achieved in our experiments for relation detection and classification. It demonstrates that ensemble models with voting mechanisms are a viable alternative that can outperform single model methods in this study. The developed method also sets a new benchmark in the field of argumentative mining in finance, demonstrating new ways to analyze financial discourse in a more advance and accurate way.","Sy, Eugene; Peng, Tzu-Cheng; Lin, Heng-Yu; Huang, Shih-Hsuan; Chang, Yung-Chun; Chung, Chien-Ping",2025,JOURNAL OF INFORMATION SCIENCE AND ENGINEERING,10.6688/JISE.20250541(3).0004,,2,Article,,,,savedrecs.csv,2,,True,True,0.98,2,2,False,True,1,Argument-mining context detected.; Component analysis terms (2).; Relation/linking terms (2).; Explicit 'component + relation' (multi-step).; Data/Corpus mention (1).,,unknown,,False,False,Ensemble_BERT_Techniques_for_Financial_Sentiment_Analysis_and_Argument_Understanding_with_Linguistic_Features_in_Social_2025.pdf
Claim Detection and Relationship with Writing Quality,"In this paper, we extracted content-based and structure-based features of text to predict human annotations for claims and non-claims in argumentative essays. We compared Logistic Regression, Bernoulli Naive Bayes, Gaussian Naive Bayes, Linear Support Vector Classification, Random Forest, and Neural Networks to train classification models. Random Forest and Neural Network classifiers yielded the most balanced identifications of claims and non-claims based on the evaluation of accuracy, precision, and recall. The Random Forest model was then used to calculate the number, percentage, and positionality of claims and non-claims in a validation corpus that included human ratings of writing quality. Correlational and regression analyses indicated that the number of claims and the average position of non-claims in text were significant indicators of essay quality in the expected direction. © 2020 Proceedings of the 13th International Conference on Educational Data Mining, EDM 2020. All rights reserved.",Wan Q.; Crossley S.; Allen L.; McNamara D.,2020,"Proceedings of the 13th International Conference on Educational Data Mining, EDM 2020",,,2,Conference paper,,argument mining; automated essay evaluation; claim detection; essay quality; natural language processing,https://www.scopus.com/inward/record.uri?eid=2-s2.0-85174803502&partnerID=40&md5=9980301793a9a58d08bc44b09bd144e6,scopus(3).csv,2,,True,True,0.98,1,3,False,True,1,Argument-mining context detected.; Component analysis terms (1).; Relation/linking terms (3).; Explicit 'component + relation' (multi-step).; Data/Corpus mention (1).,scopus.com,unknown,,False,False,Claim_Detection_and_Relationship_with_Writing_Quality_2020.pdf
Attention-based argumentation mining,"This paper is intended to make a breakthrough in argumentation mining field. Current trends in argumentation mining research use handcrafted features and traditional machine learning (e.g., support vector machine). We worked on two tasks: identifying argument components and recognising insufficiently supported arguments. We utilise deep learning approach and implement attention mechanism on top of it to gain the best result. We do also implement Hierarchical Attention Network (HAN) in this task. HAN is a neural network that gives attention to two levels, which are word-level and sentence-level. Deep learning with attention mechanism models can achieve better result compared with other deep learning methods. This paper also proves that on research task with hierarchically-structured data, HAN will perform remarkably well. We do present our result on using XGBoost instead of a regular non-ensemble classifier as well. Copyright © 2019 Inderscience Enterprises Ltd.",Suhartono D.; Gema A.P.; Winton S.; David T.; Fanany M.I.; Arymurthy A.M.,2019,International Journal of Computational Vision and Robotics,10.1504/IJCVR.2019.102282,,2,Article,,Argumentation mining; Attention mechanism; Deep learning; Hand-crafted features; Hierarchical attention network; Sentence-level; Word-level; XGBoost,https://www.scopus.com/inward/record.uri?eid=2-s2.0-85072382075&doi=10.1504%2fIJCVR.2019.102282&partnerID=40&md5=58a9935c3ffb65eb769643636f6886c6,scopus(3).csv,2,,True,True,0.95,4,1,False,False,0,Argument-mining context detected.; Component analysis terms (4).; Relation/linking terms (1).; Explicit 'component + relation' (multi-step).,scopus.com,unknown,,False,False,Attention-based_argumentation_mining_2019.pdf
Natural language argumentation for text exploration,"Argumentation mining aims at automatically extracting natural language arguments from textual documents. In the last years, it has become a hot topic due to its potential in processing information originating from the Web in innovative ways. In this paper, we propose to apply the argument mining pipeline to the text exploration task. First, starting from the arguments put forward in online debates, we introduce bipolar entailment graphs to predict the relation among the textual arguments, i.e., entailment or non entailment relation. Second, we exploit the well know formalism called abstract dialectical frameworks to define acceptance conditions answering the needs of the text exploration task. The evaluation of the proposed approach shows its feasibility. © Springer International Publishing AG 2017.",Cabrio E.; Villata S.,2017,Lecture Notes in Computer Science (including subseries Lecture Notes in Artificial Intelligence and Lecture Notes in Bioinformatics),10.1007/978-3-319-53354-4_8,,2,Conference paper,,,https://www.scopus.com/inward/record.uri?eid=2-s2.0-85012986161&doi=10.1007%2f978-3-319-53354-4_8&partnerID=40&md5=10e7b30a9e9bd65372553899a66d1d86,scopus(3).csv,2,,True,True,0.69,0,2,True,False,0,Argument-mining context detected.; Relation/linking terms (2).; Pipeline/multi-stage phrasing.,scopus.com,likely_institutional_access,,False,True,Natural_language_argumentation_for_text_exploration_2017.pdf
Financial Argument Analysis in Bengali,"Argument mining is an emerging area of research. Argument mining in financial domain specifically for low-resources language like Bengali is in its nascent stage. There exist no datasets for argumentative financial texts mining in Bengali. In this paper, we propose two new datasets in Bengali for financial argument analysis. Subsequently, we released two transformer-based models fine-tuned on these datasets as baselines for financial argumentative unit classification and for detecting the relation between two argumentative financial texts.  © 2023 Owner/Author.",Roy R.; Ghosh S.; Naskar S.K.,2023,ACM International Conference Proceeding Series,10.1145/3632754.3632763,,2,Conference paper,,Argument Mining; Financial Natural Language Processing; Language Resources in Bengali; Natural Language Processing,https://www.scopus.com/inward/record.uri?eid=2-s2.0-85185390718&doi=10.1145%2f3632754.3632763&partnerID=40&md5=57aee08092fb4766210fa4b9a36c96aa,scopus(3).csv,2,,True,True,0.96,2,1,False,True,3,Argument-mining context detected.; Component analysis terms (2).; Relation/linking terms (1).; Explicit 'component + relation' (multi-step).; Data/Corpus mention (3).,scopus.com,likely_institutional_access,,False,True,Financial_Argument_Analysis_in_Bengali_2023.pdf
"Objection, your honor!: an LLM-driven approach for generating Korean criminal case counterarguments","This study explores the integration of advanced language models (LLMs) with legal argumentation processes, aiming to address a question posed by Walton in 2004: the potential of argumentation methods to identify the best arguments for supporting or refuting a claim. By leveraging the capabilities of LLMs, we demonstrate the practical application of argumentation generation methods in the legal domain, marking a shift from traditional retrieval-focused tasks to generation-focused endeavors. Our methodology diverges from existing literature by emphasizing the development of defeasible legal arguments, suitable for a hypothesis reduction process, rather than merely crafting effective rebuttals. Utilizing a Retrieval-Augmented Generation-based system, our approach simulates reliable legal argument generation by drawing from similar case data, thereby creating a network of interconnected arguments. These networks are formalized into argumentation schemes to compute argument acceptance and facilitate decision-making. To validate ALEX (Argumentation system for Legal Explanation), we conducted an extensive comparative study with state-of-the-art LLMs, including a fine-tuned model, evaluating the quality of generated arguments against original judicial decisions. Additionally, an expert survey evaluated the accuracy of case analysis and the practical alignment of generated arguments with real-world requirements, providing valuable insights into the system’s performance. Our research also includes a detailed case analysis, tracing the argumentation generation process step by step, and providing recommendations for future improvements. This study showcases ALEX’s capacity to improve legal analysis through automated argumentation, enhanced argument quality, and the structuring of arguments into formal frameworks, with demonstrated benefits in real-world applications. By integrating traditional legal practices with advanced LLM capabilities, ALEX refines legal reasoning and establishes a solid foundation for the evolution of automated legal argumentation systems. © The Author(s), under exclusive licence to Springer Nature B.V. 2025.","Park, Sungmi; Choi, Ari; Park, Roseop",2025,ARTIFICIAL INTELLIGENCE AND LAW,10.1007/s10506-025-09432-2,,1,Article; Early Access,,Argument diagramming; Argument generation; Argument mining; Legal computation; Legal discourse,https://www.scopus.com/inward/record.uri?eid=2-s2.0-85218171686&doi=10.1007%2fs10506-025-09432-2&partnerID=40&md5=07dd7db69f6cd8a7ba03f04bfd248911,savedrecs.csv,1,,True,True,0.91,1,2,False,False,0,Argument-mining context detected.; Component analysis terms (1).; Relation/linking terms (2).; Explicit 'component + relation' (multi-step).,scopus.com,likely_institutional_access,,False,True,Objection_your_honor_an_LLM-driven_approach_for_generating_Korean_criminal_case_counterarguments_2025.pdf
Predicate-attention neural model for Chinese semantic role labeling,"Semantic role labeling functions to convey the meaning of a sentence through forming a predicate-argument structure directed at the specific predicate. In recent years, end-toend semantic role labeling methods associated with the deep neural network have received significant attention in the field of computational linguistics. Moreover, end-to-end semantic role labeling methods have demonstrated a beneficial capacity to reduce the incompleteness caused by handcrafted features, which is an observed short-coming of traditional Chinese role labeling methods. However, the critical focus of sentences are frequently lost as a result of existing semantic role labeling structures attributing equal importance to every single word, instead of the overall concept denoted by particular terms. Hence, the performance and function ability of deep neural network models is reduced. In this paper, we introduce a specific attention mechanism based on the established predicate. This mechanism would automatically calculate the weighted contributions of each word, and the corresponding Part-of-Speech, in order to accurately represent the general fundamental ideas of the sentence. In addition, we extended the Bidirectional LSTM using two different semantic role constraint methods, to effectively utilize the dependency and constraint relationships among different semantic role tags, hereby further improving the performance of the whole neural Chinese semantic role labeling model. Experimental results demonstrate the efficacy of our proposed model through providing a baseline that allows for meaningful comparisons, inferring that both weighted contributions of the predicate, and semantic role constraints can help significantly refine the overall model function.","Song, Heng; Wang, Shi; Liu, Yu; Wang, Ya",2022,COMPUTERS & ELECTRICAL ENGINEERING,10.1016/j.compeleceng.2022.107741,,1,Article,,,,savedrecs.csv,1,,True,True,0.71,0,3,True,False,0,Argument-mining context detected.; Relation/linking terms (3).; Pipeline/multi-stage phrasing.,,likely_institutional_access,,False,True,Predicate-attention_neural_model_for_Chinese_semantic_role_labeling_2022.pdf
Incorporating Task-specific Features into Deep Models to Classify Argument Components,"In order to effectively grade persuasive writing we must be able to reliably identify and extract extract argument structures. In order to do this we must classify arguments by their structural roles (e.g., major claim, claim, and premise). Current approaches to classification typically rely on statistical models with heavy feature-engineering or on deep neural-networks that do not consider prior knowledge or other secondary features. Little research has been carried out to investigate if we can incorporate features into deep models to address AM tasks. In this work, we propose to incorporate lightweight features into deep models to classify argument components. We experimented with two state of the art (SOTA) approaches: 1) linear-Long-Short-Term Memory (LSTM) models with concatenated feature vectors; or 2) Directed Acyclic Graph (DAG) structured LSTMs. In our models we incorporated the features of argument position (e.g., if the argument is in the first paragraph) and prior knowledge of discourse indicators (e.g., in conclusion, for example). We use two baselines in our work: 1) prior work using SVM models with heavy feature engineering; 2) traditional linear-Bi-LSTMs with no task-specific features. Our results show that with a comparatively small number of lightweight features, both linear-Bi-LSTMs and DAG-Bi-LSTMs outperform SVM models that depend on more heavy feature engineering, and outperform linear-Bi-LSTMs with only general word embedding features. These results suggest that incorporating task-specific elements into deep models may potentially benefit argument mining tasks. © 2020 Proceedings of the 13th International Conference on Educational Data Mining, EDM 2020. All rights reserved.",Xue L.; Lynch C.F.,2020,"Proceedings of the 13th International Conference on Educational Data Mining, EDM 2020",,,1,Conference paper,,Argument component classification; argument structures; argumentation mining; automated essay grading; DAG-LSTMs; deep learning; feature engineering; LSTMs,https://www.scopus.com/inward/record.uri?eid=2-s2.0-85111052939&partnerID=40&md5=dc9751112e6ba54f5b0a527385c8c4c9,scopus(3).csv,1,,True,True,1.02,8,1,False,True,1,Argument-mining context detected.; Component analysis terms (8).; Relation/linking terms (1).; Explicit 'component + relation' (multi-step).; Data/Corpus mention (1).,scopus.com,unknown,,False,False,Incorporating_Task-specific_Features_into_Deep_Models_to_Classify_Argument_Components_2020.pdf
Beyond facts: Online discourse and knowledge graphs,"Expressing opinions and interacting with others on the Web has led to the production of an abundance of online discourse data, such as claims and viewpoints on controversial topics, their sources and contexts. This data constitutes a valuable source of insights for studies into misinformation spread, bias reinforcement, echo chambers or political agenda setting. While knowledge graphs promise to provide the key to a Web of structured information, they are mainly focused on facts without keeping track of the diversity, connection or temporal evolution of online discourse data. As opposed to facts, claims are inherently more complex. Their interpretation strongly depends on the context and a variety of intentional or unintended meanings, where terminology and conceptual understandings strongly diverge across communities from computational social science, to argumentation mining, fact-checking, or viewpoint/ stance detection. The 1st International Workshop on Knowledge Graphs for Online Discourse Analysis (KnOD 2021) aims at strengthening the relations between these communities, providing a forum for shared works on the modeling, extraction and analysis of discourse on the Web. It addresses the need for a shared understanding and structured knowledge about discourse data in order to enable machine-interpretation, discoverability and reuse, in support of scientific or journalistic studies into the analysis of societal debates on the Web. © 2021 CEUR-WS. All rights reserved.",Todorov K.; Fafalios P.; Dietze S.,2021,CEUR Workshop Proceedings,,,1,Conference paper,,Computational Fact-checking; Knowledge Graphs; Mis-/Dis-information Spread; Online Discourse Analysis; Social Web Mining; Stance/Viewpoint Detection,https://www.scopus.com/inward/record.uri?eid=2-s2.0-85108022446&partnerID=40&md5=37c661d25b7bf73e7be2dd5e21781c76,scopus(3).csv,1,,True,True,0.97,2,5,False,False,0,Argument-mining context detected.; Component analysis terms (2).; Relation/linking terms (5).; Explicit 'component + relation' (multi-step).,scopus.com,unknown,,False,False,Beyond_facts_Online_discourse_and_knowledge_graphs_2021.pdf
BeyondFacts'22: 2nd International Workshop on Knowledge Graphs for Online Discourse Analysis,"Expressing opinions and interacting with others on the Web has led to an abundance of online discourse: claims and viewpoints on controversial topics, their sources and contexts. This constitutes a valuable source of insights for studies into mis- / disinformation spread, bias reinforcement, echo chambers or political agenda setting. While knowledge graphs promise to provide the key to a Web of structured information, they are mainly focused on facts without keeping track of the diversity, connection or temporal evolution of online discourse. As opposed to facts, claims and viewpoints are inherently more complex. Their interpretation strongly depends on the context and a variety of intentional or unintended meanings, where terminology and conceptual understandings strongly diverge across communities from computational social science, to argumentation mining, fact-checking, or viewpoint/stance detection. The 2nd International Workshop on Knowledge Graphs for Online Discourse Analysis (BeyondFacts'22, equivalently abbreviated as KnOD'22) aims at strengthening the relations between these communities, providing a forum for shared works on the modeling, extraction and analysis of discourse on the Web. It addresses the need for a shared understanding and structured knowledge about discourse in order to enable machine-interpretation, discoverability and reuse, in support of studies into the analysis of societal debates.  © 2022 Owner/Author.",Todorov K.; Fafalios P.; Dietze S.,2022,WWW 2022 - Companion Proceedings of the Web Conference 2022,10.1145/3487553.3524863,All Open Access; Bronze Open Access,1,Conference paper,,Computational Fact-checking; Knowledge Graphs; Mis-/Dis-information Spread; Online Discourse Analysis; Social Web Mining; Stance/Viewpoint Detection,https://www.scopus.com/inward/record.uri?eid=2-s2.0-85137475301&doi=10.1145%2f3487553.3524863&partnerID=40&md5=71e71bb7da49d105e1bca4e791ce6e74,scopus(3).csv,1,True,True,True,0.97,2,5,False,False,0,Argument-mining context detected.; Component analysis terms (2).; Relation/linking terms (5).; Explicit 'component + relation' (multi-step).,scopus.com,open_access,,False,False,BeyondFacts22_2nd_International_Workshop_on_Knowledge_Graphs_for_Online_Discourse_Analysis_2022.pdf
Argument Mining of Attack and Support Patterns in Dialogical Conversations with Sequential Pattern Mining,"Argument mining usually operates on short, decontextualized argumentative units such as main and subordinate clauses, or full sentences as proxies for arguments. Argumentation in digital media environments, however, is embedded in larger contexts. Especially on social media platforms, argumentation unfolds in dialog threads or tree structures where users interact with each other. To reveal patterns of such interactions, we transform 2.5 million tweets from 38k German Twitter conversations concerning nuclear energy from 2017, 2019, and 2021 into an abstract representation encoding their stance, and aspects. We then apply Sequential Pattern Mining, a common method for finding patterns in large databases, and explore its capabilities to investigate typical argumentation schemes in user debates. The approach reveals distinct patterns of support and attack relations between pro and contra arguments about nuclear energy in conversational threads when comparing different time slices of our corpus. For example, we are seeing an increasing relevance of the climate aspect in attacks on anti-nuclear arguments. However, the pro arguments are increasingly being countered by cost aspects. Analyzing this diachronic change of patterns allows us to describe the discursive processes of argumentation on a macro level that drive the slow but steady transformation of a society’s social and political convictions. © The Author(s) 2024.",Ruckdeschel M.; Baumann R.; Wiedemann G.,2024,Lecture Notes in Computer Science (including subseries Lecture Notes in Artificial Intelligence and Lecture Notes in Bioinformatics),10.1007/978-3-031-63536-6_3,,1,Conference paper,,Aspect-Based Argument Mining; Computational Social Science; Pattern Mining,https://www.scopus.com/inward/record.uri?eid=2-s2.0-85200672838&doi=10.1007%2f978-3-031-63536-6_3&partnerID=40&md5=20545b73886c350adb5e925b2bdfc5e7,scopus(3).csv,1,,True,True,1.12,3,4,True,True,2,Argument-mining context detected.; Component analysis terms (3).; Relation/linking terms (4).; Pipeline/multi-stage phrasing.; Explicit 'component + relation' (multi-step).; Data/Corpus mention (2).,scopus.com,likely_institutional_access,,False,True,Argument_Mining_of_Attack_and_Support_Patterns_in_Dialogical_Conversations_with_Sequential_Pattern_Mining_2024.pdf
Argument Detection in Student Essays under Resource Constraints,"Learning to make effective arguments is vital for the development of critical-thinking in students and, hence, for their academic and career success. Detecting argument components is crucial for developing systems that assess students' ability to develop arguments. Traditionally, supervised learning has been used for this task, but this requires a large corpus of reliable training examples which are often impractical to obtain for student writing. Large language models have also been shown to be effective few-shot learners, making them suitable for low-resource argument detection. However, concerns such as latency, service reliability, and data privacy might hinder their practical applicability. To address these challenges, we present a low-resource classification approach that combines the intrinsic entailment relationship among the argument elements with a parameter-efficient prompt-tuning strategy. Experimental results demonstrate the effectiveness of our method in reducing the data and computation requirements of training an argument detection model without compromising the prediction accuracy. This suggests the practical applicability of our model across a variety of real-world settings, facilitating broader access to argument classification for researchers spanning various domains and problem scenarios.  © 2023 Association for Computational Linguistics.",Kashefi O.; Chan S.; Somasundaran S.,2023,"EMNLP 2023 - 10th Workshop on Argument Mining, ArgMining 2023 - Proceedings",,,1,Conference paper,,,https://www.scopus.com/inward/record.uri?eid=2-s2.0-85184856950&partnerID=40&md5=4225491da0704f95d1c331e79ab2378c,scopus(3).csv,1,,True,True,1.02,4,3,False,True,1,Argument-mining context detected.; Component analysis terms (4).; Relation/linking terms (3).; Explicit 'component + relation' (multi-step).; Data/Corpus mention (1).,scopus.com,unknown,,False,False,Argument_Detection_in_Student_Essays_under_Resource_Constraints_2023.pdf
A Span-based Target-aware Relation Model for Frame-semantic Parsing,"Frame-semantic Parsing (FSP) is a challenging and critical task in Natural Language Processing (NLP). Most of the existing studies decompose the FSP task into frame identification (FI) and frame semantic role labeling (FSRL) subtasks, and adopt a pipeline model architecture that clearly causes error propagation problem. However, recent jointly learning models aim to address the above problem and generally treat FSP as a span-level structured prediction task, which, unfortunately, leads to cascading error propagation problem between roles and less-efficient solutions due to huge search space of roles. To address these problems, we reformulate the FSRL task into a target-aware relation classification task and propose a novel and lightweight jointly learning framework that simultaneously processes three subtasks of FSP, including frame identification, argument identification, and role classification. The novel task formulation and jointly learning with interaction mechanisms among subtasks can help improve the overall system performance and reduce the search space and time complexity, compared with existing methods. Extensive experimental results demonstrate that our proposed model significantly outperforms 10 state-of-the-art models in terms of F1 score across two benchmark datasets.","Su, Xuefeng; Li, Ru; Li, Xiaoli; Chang, Baobao; Hu, Zhiwei; Han, Xiaoqi; Yan, Zhichao",2023,ACM TRANSACTIONS ON ASIAN AND LOW-RESOURCE LANGUAGE INFORMATION PROCESSING,10.1145/3569581,,1,Article,,,,savedrecs.csv,1,,True,True,0.72,0,1,True,True,3,Argument-mining context detected.; Relation/linking terms (1).; Pipeline/multi-stage phrasing.; Data/Corpus mention (3).,,likely_institutional_access,,False,True,A_Span-based_Target-aware_Relation_Model_for_Frame-semantic_Parsing_2023.pdf
Argument Identification in Indonesian Tweets on the Issue of Moving the Indonesian Capital,"Last October 2019, Indonesian Twitter community is busy discussing the issue of moving the capital city, and people are very eager to share their opinion in various expressions. This form of expression was alleged as a form of society expressing their opinions and arguments. This research uses a dataset from online discussions about moving Indonesian capital on Twitter. The goal of this study aims to identify whether a tweet contains argument or not. In this experiment, we use Multi-Class Support Vector Machine (SVM), and Multinomial Naive Bayes (MNB) as the classifier and TF-IDF as feature extraction. Variation of Twitter data characters that have a lot of noise will be a challenge in this study so that some preprocessing processes will be carried out to overcome this problem. This research will investigate several combinations of preprocessing to discover the best result. We classify each tweet information such as argument, non-argument, and unknown. The best results with an accuracy of 71.42% were obtained by performing SVM with only a unigram feature. This study shows that the stopwords feature has effectiveness depends on which feature combination is implemented in the model. (c) 2021 The Authors. Published by Elsevier B.V.","Huwaidah, Amalia; Adiwijaya; Al Faraby, Said",2021,5TH INTERNATIONAL CONFERENCE ON COMPUTER SCIENCE AND COMPUTATIONAL INTELLIGENCE 2020,10.1016/j.procs.2021.01.023,,1,Proceedings Paper,,argument mining; moving capital; multinomial naïve bayes; support vector machine; text classification,https://www.scopus.com/inward/record.uri?eid=2-s2.0-85101766747&doi=10.1016%2fj.procs.2021.01.023&partnerID=40&md5=4ca7ff99fb656112414a0d1c225805ec,savedrecs.csv,1,True,True,True,0.94,1,1,False,True,1,Argument-mining context detected.; Component analysis terms (1).; Relation/linking terms (1).; Explicit 'component + relation' (multi-step).; Data/Corpus mention (1).,scopus.com,open_access,,False,False,Argument_Identification_in_Indonesian_Tweets_on_the_Issue_of_Moving_the_Indonesian_Capital_2021.pdf
Argument Mining on Clinical Trial Abstracts on Lung Cancer Patients,"This study presents an architecture to detect all the argument components and argument relations of the abstract from any paper available on PubMed describing a randomized clinical trial on lung cancer patients. The selected abstracts portray the background, intervention, and outcome of only immunotherapy drugs on lung cancer patients. The pipeline requires two classification models—sequence classification model and relation classification model for detecting argument components and argument relations, respectively. Next, a graph is built to represent all the abstract sentences by nodes and the argument relations by edges. The argument components are represented by node colors. The sequence classification model gives satisfactory performance scores for detecting all classes and individual classes. Although the relation classification model gives satisfactory scores for detecting all classes, it does not show promising results for detecting only support relationships or only attack relationships. This requires adding a more profound dataset consisting of more relationships and further modification of the model in the future studies. © 2023, The Author(s), under exclusive license to Springer Nature Singapore Pte Ltd.",Arafat Khondoker M.Y.; Abu Yousuf M.,2023,Lecture Notes in Networks and Systems,10.1007/978-981-19-9483-8_5,,1,Conference paper,,Argument mining; Classification; Data visualization; Natural language processing; Transformer model,https://www.scopus.com/inward/record.uri?eid=2-s2.0-85163352261&doi=10.1007%2f978-981-19-9483-8_5&partnerID=40&md5=157f219fa852ae3708ef78aae7885453,scopus(3).csv,1,,True,True,1.12,4,8,True,True,1,Argument-mining context detected.; Component analysis terms (4).; Relation/linking terms (8).; Pipeline/multi-stage phrasing.; Explicit 'component + relation' (multi-step).; Data/Corpus mention (1).,scopus.com,likely_institutional_access,,False,True,Argument_Mining_on_Clinical_Trial_Abstracts_on_Lung_Cancer_Patients_2023.pdf
Multi-fusion Recurrent Network for Argument Pair Extraction,"Argument Pair Extraction (APE) is an extension of argument mining that focuses on identifying argument pairs from two passages that have an intrinsic interaction, such as peer review and rebuttal. Existing studies have divided this task into separate subtasks for argument mining and sentence relation classification, but they overlook the connection between the two subtasks, leading to the accumulation of errors in argument pair extraction. To address this issue, we propose the Multi-fusion Cross-update Recurrent Network (MCRN), which includes two cross-updated units: an argument mining unit and a sentence pairing unit. Specifically, we cross-update the sentence representations of both units to learn the interaction between them, allowing the acquired sentence features to contain both argumentation and sentence relation information. We also designed a recurrent structure to iteratively learn these two units, which improves the utilization of pre-trained features. To evaluate the performance of the model, we conducted extensive experiments on benchmark datasets, which demonstrated that MCRN significantly improves the APE task.","He, Naixu; Chen, Qingfeng; Yu, Qian; Han, Zongzhao",2023,"ARTIFICIAL NEURAL NETWORKS AND MACHINE LEARNING, ICANN 2023, PT VI",10.1007/978-3-031-44223-0_9,,1,Proceedings Paper,,,,savedrecs.csv,1,,True,True,1.0,2,3,False,True,3,Argument-mining context detected.; Component analysis terms (2).; Relation/linking terms (3).; Explicit 'component + relation' (multi-step).; Data/Corpus mention (3).,,likely_institutional_access,,False,True,Multi-fusion_Recurrent_Network_for_Argument_Pair_Extraction_2023.pdf
CAM 2.0: End-to-End Open Domain Comparative Question Answering System,"Comparative Question Answering (CompQA) is a Natural Language Processing task that combines Question Answering and Argument Mining approaches to answer subjective comparative questions in an efficient argumentative manner. In this paper, we present an end-to-end (full pipeline) system for answering comparative questions called CAM 2.0 as well as a public leaderboard called CompUGE that unifies the existing datasets under a single easy-to-use evaluation suite. As compared to previous web-form-based CompQA systems, it features question identification, object and aspect labeling, stance classification, and summarization using up-to-date models. We also select the most time- and memory-effective pipeline by comparing separately fine-tuned Transformer Encoder models which show state-of-the-art performance on the subtasks with Generative LLMs in few-shot and LoRA setups. We also conduct a user study for a whole-system evaluation. © 2024 ELRA Language Resource Association: CC BY-NC 4.0.",Shallouf A.; Herasimchyk H.; Salnikov M.; Veliz R.G.; Mestvirishvili N.; Panchenko A.; Biemann C.; Nikishina I.,2024,"2024 Joint International Conference on Computational Linguistics, Language Resources and Evaluation, LREC-COLING 2024 - Main Conference Proceedings",,,1,Conference paper,,comparative question answering; multi-sentence summarization; question answering; question classification; sequence tagging; stance classification; system demonstration,https://www.scopus.com/inward/record.uri?eid=2-s2.0-85195906780&partnerID=40&md5=1847ae9d0cae8e57da21b8c685b5598b,scopus(3).csv,1,,True,True,0.7,0,0,True,True,2,Argument-mining context detected.; Pipeline/multi-stage phrasing.; Data/Corpus mention (2).,scopus.com,unknown,,False,False,CAM_20_End-to-End_Open_Domain_Comparative_Question_Answering_System_2024.pdf
Identifying arguments within a text: Categorizing errors and their impact in arguments' relation prediction,"The automatic identification of argument units within a text is a crucial task, as it is the first step that should be performed by an end-to-end argument mining system. In this work, we propose an approach for categorizing errors in predicted argument units, which allows the evaluation of segmentation models from an argumentative perspective. We assess the ability of several models to generalize knowledge across different text domains and, through the proposed categorization, we show differences in their behavior that may not be noticeable using standard classification metrics. Furthermore, we assess how the errors in predicted argument units impact on a task that rely on accurate unit identification, an aspect that has not been studied in previous research, and that helps to evaluate the usability of an imperfect segmentation model beyond the segmentation task itself.","Schmidt, Federico M.; Gottifredi, Sebastian; Garcia, Alejandro J.",2024,INTERNATIONAL JOURNAL OF APPROXIMATE REASONING,10.1016/j.ijar.2024.109267,,1,Article,,,,savedrecs.csv,1,,True,True,1.07,4,2,True,False,0,Argument-mining context detected.; Component analysis terms (4).; Relation/linking terms (2).; Pipeline/multi-stage phrasing.; Explicit 'component + relation' (multi-step).,,likely_institutional_access,,False,True,Identifying_arguments_within_a_text_Categorizing_errors_and_their_impact_in_arguments_relation_prediction_2024.pdf
ARGAEL: ARGument Annotation and Evaluation tooL,"Argument mining aims to automatically extract structured argumentative information existing in natural language text, and it is commonly performed by machine and deep learning models that require accurately and meaningfully labeled corpora. In this paper, we present ARGAEL, an open-source desktop tool designed to provide flexibility, effectiveness and efficiency on the manual annotation of related arguments in text documents. ARGAEL supports the use of rich, configurable argument models, the labeling of argument components and relations, and the assessment of argument annotations from multiple people, being suitable for large-scale, collaborative argument annotation processes. (c) 2023 The Author(s). Published by Elsevier B.V. This is an open access article under the CC BY license (http://creativecommons.org/licenses/by/4.0/).","Segura-Tinoco, Andres; Cantador, Ivan",2023,SOFTWAREX,10.1016/j.softx.2023.101410,,1,Article,,,,savedrecs.csv,1,,True,True,1.02,4,3,False,True,1,Argument-mining context detected.; Component analysis terms (4).; Relation/linking terms (3).; Explicit 'component + relation' (multi-step).; Data/Corpus mention (1).,,likely_institutional_access,,False,True,ARGAEL_ARGument_Annotation_and_Evaluation_tooL_2023.pdf
Classification of Relationship in Argumentation Using Graph Convolutional Network,"The Argument Relationship Prediction is one of the tasks of Argumentation Mining that aim to find connections between arguments (or parts thereof). This task is considered as one of the most complex stages of argumentation. Concomitant to that, the Graph Convolutional Network (GCN) has been successfully applied to graph-based applications. In this study, we join the relationship prediction challenge with the ability of GCN to classification. We propose ArgGCN, a framework based in GCN method applied to the classification of relationships between arguments. The arguments are considered as short texts, and we abstracted the recognition of unitary elements from them (such as claims and evidence). In this study, we achieved promising results on the UKP Aspect, AFS, and Microtext corpus.","Magalhaes, Dimmy; Pozo, Aurora",2020,"ADBIS, TPDL AND EDA 2020 COMMON WORKSHOPS AND DOCTORAL CONSORTIUM",10.1007/978-3-030-55814-7,,1,Proceedings Paper,,,,savedrecs.csv,1,,True,True,1.02,2,6,False,True,2,Argument-mining context detected.; Component analysis terms (2).; Relation/linking terms (6).; Explicit 'component + relation' (multi-step).; Data/Corpus mention (2).,,likely_institutional_access,,False,True,Classification_of_Relationship_in_Argumentation_Using_Graph_Convolutional_Network_2020.pdf
KNOWCOMP POKEMON Team at DialAM-2024: A Two-Stage Pipeline for Detecting Relations in Dialogical Argument Mining,"Dialogical Argument Mining (DialAM) is an important branch of Argument Mining (AM). DialAM-2024 is a shared task focusing on dialogical argument mining, which requires us to identify argumentative relations and illocutionary relations among proposition nodes and locution nodes. To accomplish this, we propose a two-stage pipeline1, which includes the Two-Step S-Node Prediction Model in Stage 1 and the YA-Node Prediction Model in Stage 2. We also augment the training data in both stages and introduce context in Stage 2. We successfully completed the task and achieved good results. Our team KNOWCOMP POKEMON ranked 1st in the ARI Focused score and 4th in the Global Focused score. © 2024 Association for Computational Linguistics.",Zheng Z.; Wang Z.; Zong Q.; Song Y.,2024,"ArgMining 2024 - 11th Workshop on Argument Mining, Proceedings of the Workshop",,,1,Conference paper,,,https://www.scopus.com/inward/record.uri?eid=2-s2.0-85204875147&partnerID=40&md5=2c6f7a645f8faf2b901d786acf42fbf8,scopus(3).csv,1,,True,True,0.74,0,2,True,True,1,Argument-mining context detected.; Relation/linking terms (2).; Pipeline/multi-stage phrasing.; Data/Corpus mention (1).,scopus.com,unknown,,False,False,KNOWCOMP_POKEMON_Team_at_DialAM-2024_A_Two-Stage_Pipeline_for_Detecting_Relations_in_Dialogical_Argument_Mining_2024.pdf
Argued opinion detection from Twitter; [Détection d'opinion argumentée à partir de Twitter],"With the explosive growth of Web 2.0 (e.g., blogs, microblogs, Twitter, and postings in social network sites) on the web, individuals and organizations are increasingly using the content to find and monitor opinionated data and distill the information contained in them: opinion supported by arguments or judgment formed about something or someone. Several researchers have focused on the opinion analysis and opinion detection. We attempt in this paper to define and characterize an opinion with the associated prevailing arguments components and we called it argued opinion. we conducted experiments using differents classifying models. Copyright © CORIA 2018 - Information Retrieval Conference, Proceedings.All rights reserved.",Ouertatani A.; Gasmi G.; Latiri C.,2020,"COnference en Recherche d'Informations et Application, CORIA 2018 - 15th French Information Retrieval Conference, Proceedings",,,1,Conference paper,,Argument identification; CRFs; Opinion detection,https://www.scopus.com/inward/record.uri?eid=2-s2.0-85084245208&partnerID=40&md5=f7e0cb4e47eb08bdcd16f43ae5b5a088,scopus(3).csv,1,,True,True,0.91,2,1,False,False,0,Argument-mining context detected.; Component analysis terms (2).; Relation/linking terms (1).; Explicit 'component + relation' (multi-step).,scopus.com,unknown,,False,False,Argued_opinion_detection_from_Twitter_Détection_dopinion_argumentée_à_partir_de_Twitter_2020.pdf
Multi-view Hierarchical Graph Neural Network for Argumentation Mining,"Argumentation mining (AM) aims to detect the arguments and their relations from argumentative texts. Generally, AM contains three key challenging subtasks, including argument component type classification (ACTC), argumentative relation identification (ARI), and argumentative relation type classification (ARTC). Most previous studies solve these three subtasks separately, neglecting the rich interrelation information among the three tasks. In this paper, we propose a multi-view hierarchical graph neural network (MHGNN) for AM, which resolves the three interacted subtasks in a unified multi-task learning framework. Concretely, MHGNN learns graph embeddings from multiple views (i.e., word view and semantic view) that often provide more comprehensive information. Each graph view is equipped with a two-level graph structure: (i) the first level is the argumentation graph with each argumentation component (AC) as a graph node, which learns the inter-AC knowledge from the input text; (ii) the second level is the AC graph with each word or semantic role as graph node respectively, which learn the fine-grained intra-AC knowledge within each AC from the word level or semantic level. The multi-view hierarchical GNN makes our model more effective to utilize the rich information among and within the ACs in the input text. Then, we transform ACTC, ARI, and ARTC into node classification, edge prediction, and edge type classification on the argumentation graph by devising novel graph attention mechanisms to learn comprehensive and relation-aware graph embeddings. These three subtasks are integrated into a unified model through multi-task learning and partial parameters sharing. Extensive experiments on two benchmark datasets demonstrate that the proposed MHGNN framework outperforms the strong baseline methods for all three subtasks.","Sun, Yang; Bao, Jianzhu; Tu, Geng; Liang, Bin; Yang, Min; Xu, Ruifeng",2025,COGNITIVE COMPUTATION,10.1007/s12559-024-10391-0,,0,Article,,,,savedrecs.csv,0,,True,True,1.0,2,3,False,True,3,Argument-mining context detected.; Component analysis terms (2).; Relation/linking terms (3).; Explicit 'component + relation' (multi-step).; Data/Corpus mention (3).,,likely_institutional_access,,False,True,Multi-view_Hierarchical_Graph_Neural_Network_for_Argumentation_Mining_2025.pdf
Utilizing emerging knowledge to support medical argument retrieval,"This article summarizes selected aspects of a dissertation project and prior publications related to the DFG-funded RecomRatio research project. As such, it provides an end-to-end overview of a research project that aims at extracting and utilizing Emerging Knowledge represented by two concepts that we define as Emerging Named Entities and Emerging Argument Entities to support medical argumentation retrieval. We use these two concepts to model novelty in general scientific literature and, in particular, in medical argumentation. Therefore, this paper will provide an overview of Emerging Knowledge and definitions of Emerging Named Entities and Emerging Argument Entities. It includes a review of state-of-the-art and related work. A preparatory study shows that Emerging Argument Entities are in use in the medical literature. Based on the state of the art review and the preparatory study, a conceptual system design based on Emerging Named Entity Recognition and a state-of-the-art Argumentation Mining framework (ArgumenText) is introduced to extract Emerging Argument Entities from medical literature and make them available for Argument Retrieval. The conceptual system design supports two Argument Retrieval use cases: 1.) Ranking of result sets based on Emerging Argument Entities, and 2.) Highlighting Emerging Argument Entities within result sets. A case study for the extraction and visualization of Emerging Named Entities and Emerging Argument Entities is implemented based on the conceptual design. This proof-of-concept system is used to conduct technical evaluations regarding the Emerging Named Entity Recognition. Furthermore, prior results of an expert-based evaluation are presented. The article finishes with a conclusion and brief outlook of future work, e.g., supporting the Argument Interchange Format.","Nawroth, Christian; Engel, Felix; Hemmje, Matthias",2021,IT-INFORMATION TECHNOLOGY,10.1515/itit-2020-0049,,0,Article,,,,savedrecs.csv,0,,True,True,1.01,1,2,True,False,0,Argument-mining context detected.; Component analysis terms (1).; Relation/linking terms (2).; Pipeline/multi-stage phrasing.; Explicit 'component + relation' (multi-step).,,unknown,,False,False,Utilizing_emerging_knowledge_to_support_medical_argument_retrieval_2021.pdf
Crosslingual Argument Mining in the Medical Domain,"Nowadays the medical domain is receiving much more attention in applications involving Artificial Intelligence as clinicians decision-making is increasingly dependent on dealing with enormous amounts of unstructured textual data. In this context, Argument Mining (AM) helps to meaningfully structure textual data by identifying the argumentative components in the text and classifying the relations between them. However, as it is the case for many tasks in Natural Language Processing in general and in medical text processing in particular, the large majority of the work on computational argumentation has been focusing only on the English language. In this paper, we investigate several strategies to perform AM in medical texts for a language such as Spanish, for which no annotated data is available. Our work shows that automatically translating and projecting annotations (data-transfer) from English to a given target language is an effective way to generate annotated data without costly manual intervention. Furthermore, and contrary to conclusions from previous work for other sequence labelling tasks, our experiments demonstrate that data-transfer outperforms methods based on the the crosslingual transfer capabilities of multilingual pre-trained language models (model-transfer). Finally, we show how the automatically generated data in Spanish can also be used to improve results in the original English monolingual setting, providing thus a fully automatic data augmentation strategy. Data, code, and fine-tuned models are publicly available at https://huggingface.co/datasets/HiTZ/AbstRCT-ES. © 2024 Sociedad Española para el Procesamiento del Lenguaje Natural.",Yeginbergen A.; Agerri R.,2024,Procesamiento del Lenguaje Natural,10.26342/2024-73-22,,0,Article,,AI in Healthcare; Argumentation; Information Extraction; Multilinguality,https://www.scopus.com/inward/record.uri?eid=2-s2.0-85206877968&doi=10.26342%2f2024-73-22&partnerID=40&md5=7c64243441b99247946c157eae92ef48,scopus(3).csv,0,,True,True,1.0,3,2,False,True,3,Argument-mining context detected.; Component analysis terms (3).; Relation/linking terms (2).; Explicit 'component + relation' (multi-step).; Data/Corpus mention (3).,scopus.com,unknown,,False,False,Crosslingual_Argument_Mining_in_the_Medical_Domain_2024.pdf
Crosslingual Argument Mining in the Medical Domain,"Nowadays the medical domain is receiving more and more attention in the applications involving Artificial Intelligence. Clinicians have to deal with an enormous amount of unstructured textual data to make a conclusion about patient's health in their everyday life. Argument mining helps to provide a structure to such data by detecting argumentative components in the text and classifying the relations between them. However, as it is the case for many tasks in Natural Language Processing in general and in medical text processing in particular, the large majority of the work on computational argumentation has been done only for English. This is also the case with the only dataset available for argumentation in the medical domain, namely, the annotated medical data of abstracts of Randomized Controlled Trials (RCT) from the MEDLINE database. In order to mitigate the lack of annotated data for other languages, we empirically investigate several strategies to perform argument mining and classification in medical texts for a language for which no annotated data is available. This thesis shows that automatically translating and project annotations from English to a target language (Spanish) is an effective way to generate annotated data without manual intervention. Furthermore, our experiments demonstrate that the translation and projection approach outperforms zero-shot cross-lingual approaches using a large masked multilingual language model. Finally, we show how the automatically generated data in Spanish can also be used to improve results in the original English monolingual setting, providing thus a fullyautomatic data augmentation strategy.","Yeginbergen, Anar; Agerri, Rodrigo",2024,PROCESAMIENTO DEL LENGUAJE NATURAL,10.26342/2024-73-22,,0,Article,,,,savedrecs.csv,0,,True,True,1.0,3,2,False,True,1,Argument-mining context detected.; Component analysis terms (3).; Relation/linking terms (2).; Explicit 'component + relation' (multi-step).; Data/Corpus mention (1).,,unknown,,False,False,Crosslingual_Argument_Mining_in_the_Medical_Domain_2024.pdf
"Argument Quality Assessment in Brazilian political tweets; [Classificacao da qualidade da argumenta, cao em tweets no domínio da política brasileira]","Argumentation is an inherent skill in human communication, both in oral and written situations. Wellfounded arguments are important to support decisionmaking and learning, as well as to reach widely accepted conclusions. As a research area, argumentation is a multidisciplinary field that studies the processes of debate and reasoning. In computational linguistics, investigations have been carried out to (i) identify arguments and their units and (ii) generate or (iii) evaluate the quality of arguments. However, most current work focuses on argument mining in formal English texts. In this article, we evaluated the quality of argumentation in political domain tweets, written in Brazilian Portuguese, using traditional machine learning algorithms - such as Logistic Regression, KNearest Neighbor, Decision Trees, Support Vector Machines (SVM), Random Forest and Naive Bayes - and also a fine-tuning of two neural models (BERTimbau and RobertaTwitterBR). In addition to bringing practical results for the assessment of argumentation quality in a challenging textual genre, such as Twitter, and in a controversial domain, such as Brazilian politics, this article also aims to fill in the lack of works that automatically assess the quality of arguments in Portuguese. Among the evaluated classification algorithms, the model obtained from the fine-tuning of BERTimbau presented the best results, with an accuracy of 69.65% when all classes were considered and 100.00% for messages with high quality of argumentation. © 2023 Universidade do Minho. All rights reserved.",da Silva C.F.; de Almeida Neris V.P.; de Medeiros Caseli H.,2023,Linguamatica,10.21814/lm.15.1.387,All Open Access; Gold Open Access; Green Open Access,0,Article,,argument quality assessment; BERT; Brazilian politics; tweet,https://www.scopus.com/inward/record.uri?eid=2-s2.0-85166587532&doi=10.21814%2flm.15.1.387&partnerID=40&md5=d8319fe14aaf0e0ba31142c652fd3792,scopus(3).csv,0,True,True,True,0.93,3,1,False,False,0,Argument-mining context detected.; Component analysis terms (3).; Relation/linking terms (1).; Explicit 'component + relation' (multi-step).,scopus.com,open_access,,False,False,Argument_Quality_Assessment_in_Brazilian_political_tweets_Classificacao_da_qualidade_da_argumenta_cao_em_tweets_no_domín_2023.pdf
AntCritic: Argument Mining for Free-Form and Visually-Rich Financial Comments,"Argument mining aims to detect all possible argumentative components and identify their relationships automatically. As a thriving task in natural language processing, there has been a large amount of corpus for academic study and application development in this field. However, the research in this area is still constrained by the inherent limitations of existing datasets. Specifically, all the publicly available datasets are relatively small in scale, and few of them provide information from other modalities to facilitate the learning process. Moreover, the statements and expressions in these corpora are usually in a compact form, which restricts the generalization ability of models. To this end, we collect a novel dataset AntCritic to serve as a helpful complement to this area, which consists of about 10k free-form and visually-rich financial comments and supports both argument component detection and argument relation prediction tasks. Besides, to cope with the challenges brought by scenario expansion, we thoroughly explore the fine-grained relation prediction and structure reconstruction scheme and discuss the encoding mechanism for visual styles and layouts. On this basis, we design two simple but effective model architectures and conduct various experiments on this dataset to provide benchmark performances as a reference and verify the practicability of our proposed architecture. We release our data and code in this link, and this dataset follows CC BY-NC-ND 4.0 license. © 2024 ELRA Language Resource Association: CC BY-NC 4.0.",Liu H.; Xu W.; Lin X.; Huo J.; Chen H.; Zhao Z.,2024,"2024 Joint International Conference on Computational Linguistics, Language Resources and Evaluation, LREC-COLING 2024 - Main Conference Proceedings",,,0,Conference paper,,Argument Mining; Large-scale Corpus; Visually-rich Document Understanding,https://www.scopus.com/inward/record.uri?eid=2-s2.0-85195902282&partnerID=40&md5=4bd1ee8b286fc0e98a1792c2ed014318,scopus(3).csv,0,,True,True,1.02,3,5,False,True,7,Argument-mining context detected.; Component analysis terms (3).; Relation/linking terms (5).; Explicit 'component + relation' (multi-step).; Data/Corpus mention (7).,scopus.com,unknown,,False,False,AntCritic_Argument_Mining_for_Free-Form_and_Visually-Rich_Financial_Comments_2024.pdf
Argument mining as rapid screening tool of COVID-19 literature quality: Preliminary evidence,"BackgroundThe COVID-19 pandemic prompted the scientific community to share timely evidence, also in the form of pre-printed papers, not peer reviewed yet. PurposeTo develop an artificial intelligence system for the analysis of the scientific literature by leveraging on recent developments in the field of Argument Mining. MethodologyScientific quality criteria were borrowed from two selected Cochrane systematic reviews. Four independent reviewers gave a blind evaluation on a 1-5 scale to 40 papers for each review. These scores were matched with the automatic analysis performed by an AM system named MARGOT, which detected claims and supporting evidence for the cited papers. Outcomes were evaluated with inter-rater indices (Cohen's Kappa, Krippendorff's Alpha, s* statistics). ResultsMARGOT performs differently on the two selected Cochrane reviews: the inter-rater indices show a fair-to-moderate agreement of the most relevant MARGOT metrics both with Cochrane and the skilled interval scores, with larger values for one of the two reviews. Discussion and conclusionsThe noted discrepancy could rely on a limitation of the MARGOT system that can be improved; yet, the level of agreement between human reviewers also suggests a different complexity between the two reviews in debating controversial arguments. These preliminary results encourage to expand and deepen the investigation to other topics and a larger number of highly specialized reviewers, to reduce uncertainty in the evaluation process, thus supporting the retraining of AM systems.","Brambilla, Gianfranco; Rosi, Antonella; Antici, Francesco; Galassi, Andrea; Giansanti, Daniele; Magurano, Fabio; Ruggeri, Federico; Torroni, Paolo; Cisbani, Evaristo; Lippi, Marco",2022,FRONTIERS IN PUBLIC HEALTH,10.3389/fpubh.2022.945181,,0,Article,,,,savedrecs.csv,0,,True,True,0.93,3,1,False,False,0,Argument-mining context detected.; Component analysis terms (3).; Relation/linking terms (1).; Explicit 'component + relation' (multi-step).,,open_access,,False,False,Argument_mining_as_rapid_screening_tool_of_COVID-19_literature_quality_Preliminary_evidence_2022.pdf
Argument Quality Assessment in Brazilian political tweets,"Argumentation is an inherent skill in human com-munication, both in oral and written situations. Well-founded arguments are important to support decision-making and learning, as well as to reach widely accep-ted conclusions. As a research area, argumentation is a multidisciplinary field that studies the processes of debate and reasoning. In computational linguistics, investigations have been carried out to (i) identify ar-guments and their units and (ii) generate or (iii) evalu-ate the quality of arguments. However, most current work focuses on argument mining in formal English texts. In this article, we evaluated the quality of argu-mentation in political domain tweets, written in Bra-zilian Portuguese, using traditional machine learning algorithms - such as Logistic Regression, KNearest Neighbor, Decision Trees, Support Vector Machines (SVM), Random Forest and Naive Bayes - and also a fine-tuning of two neural models (BERTimbau and RobertaTwitterBR). In addition to bringing practical results for the assessment of argumentation quality in a challenging textual genre, such as Twitter, and in a controversial domain, such as Brazilian politics, this article also aims to fill in the lack of works that au-tomatically assess the quality of arguments in Portu-guese. Among the evaluated classification algorithms, the model obtained from the fine-tuning of BERTim-bau presented the best results, with an accuracy of 69.65% when all classes were considered and 100.00% for messages with high quality of argumentation.","da Silva, Cassio Faria; Neris, Vania Paula de Almeida; Caseli, Helena de Medeiros",2023,LINGUAMATICA,10.21814/lm.15.1.387,,0,Article,,,,savedrecs.csv,0,,True,True,0.93,3,1,False,False,0,Argument-mining context detected.; Component analysis terms (3).; Relation/linking terms (1).; Explicit 'component + relation' (multi-step).,,unknown,,False,False,Argument_Quality_Assessment_in_Brazilian_political_tweets_2023.pdf
A recurrent stick breaking topic model for argument stance detection,"Debate websites are valuable social media platforms for discussing controversial issues and gaining insights into diverse perspectives. However, with thousands of arguments on popular topics, browsing through entire discussions can be too time-consuming to extract a summary of the main viewpoints. To address this challenge, natural language processing techniques have been proposed to automatically identify argument structures and determine a user's stance on an issue. In addition to detecting stances, identifying topics that remain contentious between factions is especially important for policy-makers. However, the topics discussed by users with the same stance may vary in importance. To extract potential text topics, models based on probability and neural topic models have been proposed, with the latter being more effective due to improved computational cost and the ability to extract more consistent topics. This research proposes a two-stage stance detection model, which combines a neural topic model based on variational autoencoder and a recurrent neural network to learn the characteristics of an argument and enhance the model with subtopic features. The experimental results show that the model can obtain more coherent subtopics with a coherence of 0.42, and achieve an accuracy of nearly 70% in stance detection, demonstrating the effectiveness of the subtopic feature detection process. © The Author(s), under exclusive licence to Springer Science+Business Media, LLC, part of Springer Nature 2023.",Wang H.C.; Putra C.D.; Wu C.-Y.,2024,Multimedia Tools and Applications,10.1007/s11042-023-16829-1,,0,Article,,Argument Mining; Neural Topic Model; Stance Detection,https://www.scopus.com/inward/record.uri?eid=2-s2.0-85173104747&doi=10.1007%2fs11042-023-16829-1&partnerID=40&md5=17a2cf5d3a66385a61302f1f4d0d831f,scopus(3).csv,0,,True,True,0.65,0,0,True,False,0,Argument-mining context detected.; Pipeline/multi-stage phrasing.,scopus.com,likely_institutional_access,,False,True,A_recurrent_stick_breaking_topic_model_for_argument_stance_detection_2024.pdf
Computational Modelling of Undercuts in Real-world Arguments,"Argument Mining (AM) is the task of automatically analysing arguments, such that the unstructured information contained in them is converted into structured representations. Undercut is a unique structure in arguments, as it challenges the relationship between a premise and a claim, unlike direct attacks which challenge the claim or the premise itself. Undercut is also an important counterargument device as it often reflects the value of arguers. However, undercuts have not received the attention in the filed of AM they should have — there is neither much corpus data about undercuts, nor an existing AM model that can automatically recognise them. In this paper, we present a real-world dataset of arguments with explicitly annotated undercuts, and the first computational model that is able to recognise them. The dataset consists of 400 arguments, containing 326 undercuts. On this dataset, our approach beats a strong baseline in undercut recognition, with F1 = 38.8%, which is comparable to the performance on recognising direct attacks. We also conduct experiments on a benchmark dataset containing no undercuts, and prove that our approach is as good as the state of the art in terms of recognising the overall structure of arguments. Our work pioneers the systematic analysis and computational modelling of undercuts in real-world arguments, setting a foundation for future research in the role of undercuts in the dynamics of argumentation. © 2024 Association for Computational Linguistics.",Ye Y.; Teufel S.,2024,"ArgMining 2024 - 11th Workshop on Argument Mining, Proceedings of the Workshop",,,0,Conference paper,,,https://www.scopus.com/inward/record.uri?eid=2-s2.0-85204883405&partnerID=40&md5=bb416f4eb958bf85efe9cb765d44b950,scopus(3).csv,0,,True,True,1.02,2,4,False,True,3,Argument-mining context detected.; Component analysis terms (2).; Relation/linking terms (4).; Explicit 'component + relation' (multi-step).; Data/Corpus mention (3).,scopus.com,unknown,,False,False,Computational_Modelling_of_Undercuts_in_Real-world_Arguments_2024.pdf
When automated fact-checking meets argumentation: Unveiling fake news through argumentative evidence,"The need for automated fact-checking has become urgent with the rise of misleading content on social media. Recently, Fake News Classification (FNC) has evolved to incorporate justifications provided by fact-checkers to explain their decisions. In this work, we argue that an argumentative representation of fact-checkers' justifications can improve the precision and explainability of FNC systems. To address this challenging task, we present LIARArg, a novel linguistic resource composed of 2,832 news and their justifications. LIARArg extends the 6-label FNC dataset LIAR-PLUS with argumentation structures, leading to the first FNC dataset annotated with argument components (claim and premise) and fine-grained relations (attack, support, partial support and partial attack). To integrate argumentation in FNC, we propose a novel joint learning method combining, for the first time, Argument Mining and FNC which outperforms state-of-the-art approaches, especially for news with intermediate truthfulness labels. Besides, our experimental setting demonstrates that fine-grained relations allow an extra performance boost. We also show that the argumentative representation of human justifications can be exploited in a Chain-of-Thought manner both in prompts and model output, paving a promising avenue for research in explainable fact-checking. Finally, our fully automated pipeline shows that integrating argumentation into FNC is not only feasible but also effective.","Wang, Xiaoou; Cabrio, Elena; Villata, Serena",2025,ARGUMENT & COMPUTATION,10.1177/19462174251330980,,0,Article,,,,savedrecs.csv,0,,True,True,1.12,6,4,True,True,2,Argument-mining context detected.; Component analysis terms (6).; Relation/linking terms (4).; Pipeline/multi-stage phrasing.; Explicit 'component + relation' (multi-step).; Data/Corpus mention (2).,,unknown,,False,False,When_automated_fact-checking_meets_argumentation_Unveiling_fake_news_through_argumentative_evidence_2025.pdf
Prompt templates for argument relation classification using frame semantic parsing,"Argument relation classification (ARC) between argument components (ACs) has made significant progress in recent years. However, many existing approaches either rely heavily on external knowledge or on linguistic information encoded in Pre-trained Language Models (PLMs) or large language models, often neglecting the extraction of fine-grained, semantic information within ACs. This information is essential for developing strategies tailored to the specific challenges of ARC tasks. To address this, we propose leveraging Frame Semantic Parsing (FSP), an open-source transformer, to extract semantic frames. These frames, consisting of triggers and arguments along with their roles, represent the semantic relationships within ACs. We then design two types of prompt templates: one for triggers and arguments, and another for frames and roles, to generate conceptual information that facilitates ARC. Finally, we utilize the RoBERTa PLM model, training it with the two types of prompt templates using a Siamese network architecture, which encodes two inputs separately, with multi-head attention. Extensive experiments across six domain-specific argument mining datasets demonstrate that our FSP–ARC approach yields competitive results compared to four state-of-the-art baselines in terms of accuracy, precision, recall, and macro Macro F1s. © The Author(s) 2025.",Moslemnejad S.; Reed C.,2025,Knowledge and Information Systems,10.1007/s10115-025-02500-8,,0,Article,,Argument mining; Argument relation classification; Frame semantic parsing; Pre-trained language models; Prompt templates; Siamese RoBERTa,https://www.scopus.com/inward/record.uri?eid=2-s2.0-105008585345&doi=10.1007%2fs10115-025-02500-8&partnerID=40&md5=c7871ea6017506665440c323a2241c00,scopus(3).csv,0,,True,True,1.02,4,4,False,True,2,Argument-mining context detected.; Component analysis terms (4).; Relation/linking terms (4).; Explicit 'component + relation' (multi-step).; Data/Corpus mention (2).,scopus.com,likely_institutional_access,,False,True,Prompt_templates_for_argument_relation_classification_using_frame_semantic_parsing_2025.pdf
Towards Assumption-Based Argumentation Mining in Hotel Reviews,"Argumentation mining (or argument mining) is the research area aiming at extracting human arguments and their relations (primarily) from text, with the ultimate goal to understand humans’ arguments in argumentative texts. Nonetheless, the progresses thus far often ignore the computational models of structured argumentation formalisms which are well studied in the knowledge representation and reasoning (KRR) community. This means that there is a still big research gap if ones would like to automatically construct argumentation-based knowledgebase systems from text. In this paper, we investigate this problem and formally define important tasks for argument mining from the views of machine learning and KRR. Due to current progresses of KRR, there could be a plethora of tasks depending on targeted structured argumentation frameworks. This paper focuses on a well-known assumption-based argumentation (ABA) by defining relevant tasks for mining ABA from text and then accordingly build an annotated corpus in hotel reviews from Booking.com. Finally, we evaluate the in-context learning capabilities of large language models (i.e. GPT-4o) for an ABA’s construction based on our annotated hotel reviews’ corpus, demonstrating the proposed framework is promising in practice. © The Author(s), under exclusive license to Springer Nature Singapore Pte Ltd. 2025.",Racharak T.; Jearanaiwongkul W.; Pooksook J.; Takashima K.,2025,Lecture Notes in Computer Science,10.1007/978-981-96-7956-0_17,,0,Conference paper,,Argumentation System; Automatic Knowledge Base Construction; Machine Learning Pipeline; Text Corpus,https://www.scopus.com/inward/record.uri?eid=2-s2.0-105008969989&doi=10.1007%2f978-981-96-7956-0_17&partnerID=40&md5=8e3d77330356f7a25397f43c879024a7,scopus(3).csv,0,,True,True,0.98,1,3,False,True,2,Argument-mining context detected.; Component analysis terms (1).; Relation/linking terms (3).; Explicit 'component + relation' (multi-step).; Data/Corpus mention (2).,scopus.com,likely_institutional_access,,False,True,Towards_Assumption-Based_Argumentation_Mining_in_Hotel_Reviews_2025.pdf
A Chinese Math Word Problem Solving System Based on Linguistic Theory and Non-statistical Approach; [以「語言學理論」為基礎用「非機率模型」建立的數學應用問題作答系統],"Aside from statistics based and NN machine learning based approaches, this paper presents a Chinese math word problem (CMWP) solving system that is implemented with linguistic reasons. On one hand, the system adopts the functional approach to keep the relation between form and meaning for intent detection. On the other hand, its argument extraction design follows how formal semantics calculate meanings of languages. The proposed system shows great flexibility with minimal training data requirement. When applying the model to 1st-year elementary level CMWP, the correct rate is between 98.57% and 99.29%. This paper also presents an adjustment procedure to reveal the potentials of the system to improve edging problems. The proposed hybrid system provides an operational webpage, its source codes are also accessible on Github.com. The main contributions of this paper are listed: (1) It implements a working system that is based on linguistic knowledge to solve CMWP. (2) The system proves that with proper Chinese word segmentation and POS/NER tagging, the divergence between form and meaning can converge to a set of human-readable regular expressions. (3) The CMWP based on Taiwan elementary math textbooks are released under MIT license on Github.com. © ROCLING 2020.All rights reserved.",Wang W.-J.; Chen C.-J.; Lai C.-Y.; Lee C.-M.; Lin H.-H.,2020,ROCLING 2020 - 32nd Conference on Computational Linguistics and Speech Processing,,,0,Conference paper,,Intent Detection; Linguistic Theory; Loki; Math Word Problem; Non-Statistical Approach,https://www.scopus.com/inward/record.uri?eid=2-s2.0-85181060053&partnerID=40&md5=beec023e7efda367b205777f75bb38b9,scopus(3).csv,0,,True,True,0.91,1,2,False,False,0,Argument-mining context detected.; Component analysis terms (1).; Relation/linking terms (2).; Explicit 'component + relation' (multi-step).,scopus.com,unknown,,False,False,A_Chinese_Math_Word_Problem_Solving_System_Based_on_Linguistic_Theory_and_Non-statistical_Approach_以語言學理論為基礎用非機率模型建立的數學應_2020.pdf
An AMR-based Model with Role And Relation Information for Document-level Event Argument Extraction,"Meaning Representation (AMR) has been widely adopted in recent studies for Document-level Event Argument Extraction (DEAE). Since AMR provides practical and understandable semantic information in terms of graphical structure for enhancing the pre-trained language model's understanding of documents. However, AMR graph structure does not represent events perfectly and loses the relational information of the arguments during parsing. These methods neglect two problems: a) the relevance between con text embedding and span representations; b) the co-reference relation of event-specific arguments. To address these issues, we proposed a RRAG model, which addresses the above challenges through two simple yet effective components: (a) Role Aware Encoding Module(RAEM) captures the role and event information by aggregating them with context based on the attention heads. (b)Relation Enhanced AMR Graph(REAG) adds the co-reference relation among AMR graph nodes, augmenting the semantic logic. We conduct comprehensive experiments on RAMS and WikiEvents datasets. Results demonstrate that our approach has superior performance and outperforms the state-of-the-art models by 1.43pt and 1.27pt F1, respectively. The code is available at https://github.com/Hymuile/RRAG.","Liu, Wei; Xu, Jiacheng; Tan, Chengxiang",2024,"PROCEEDINGS OF 2024 8TH INTERNATIONAL CONFERENCE ON COMPUTER SCIENCE AND ARTIFICIAL INTELLIGENCE, CSAI 2024",10.1145/3709026.3709041,,0,Proceedings Paper,,,,savedrecs.csv,0,,True,True,0.96,2,1,False,True,3,Argument-mining context detected.; Component analysis terms (2).; Relation/linking terms (1).; Explicit 'component + relation' (multi-step).; Data/Corpus mention (3).,,likely_institutional_access,,False,True,An_AMR-based_Model_with_Role_And_Relation_Information_for_Document-level_Event_Argument_Extraction_2024.pdf
Dynamic Logic Reasoning Model for Argumentation Relation Classification,"Argumentation relation classification (ARC) aims to identify the relations between argumentation component (AC) pairs. Existing studies have achieved impressive results on public datasets through the utilization of AC-level features, fine-grained attributes, and structural information. However, they overlook the logical relations and structure within AC pairs and fall short in performing dynamic logical reasoning for ARC. Therefore, in this paper, we propose a DynAmic Logic rEasoning model (DALE) with logic graph construction and dynamic logical reasoning pattern learning for ARC. Specifically, we first construct a logic graph to establish the logical structure within individual ACs and between AC pairs. Then we propose dynamic reasoning modules comprising four distinct types of graph cells to explore different logical reasoning operations. Each cell incorporates a dynamic router and interconnects others to establish a dynamic routing network. This design enables the model to autonomously adapt and select distinct operational paths based on the specific nature of the input instance. Our comprehensive experiments, conducted on three public datasets, reveal that our model outperforms strong baselines.","Sun, Yang; Yang, Caihua; Bao, Jianzhu; Liang, Bin; Yang, Min; Xu, Ruifeng",2025,IEEE TRANSACTIONS ON AUDIO SPEECH AND LANGUAGE PROCESSING,10.1109/TASLPRO.2025.3574884,,0,Article,,,,savedrecs.csv,0,,True,True,0.96,1,2,False,True,3,Argument-mining context detected.; Component analysis terms (1).; Relation/linking terms (2).; Explicit 'component + relation' (multi-step).; Data/Corpus mention (3).,,likely_institutional_access,,False,True,Dynamic_Logic_Reasoning_Model_for_Argumentation_Relation_Classification_2025.pdf
A DATA-INFORMED ANALYSIS OF ARGUMENT MINING,"Argument Mining (AM) is the research area aiming at extracting natural language arguments and their relations from text, with the final goal of providing machine-processable structured data for computational models of argument. This research topic has started to attract the attention of a small community of researchers around 2014, and it is nowadays counted as one of the most promising research areas in Artificial Intelligence and Natural Language Processing in terms of growing of the community, funded projects, and involvement of companies. Recently, this research area includes also further forms of processing natural language arguments than mining, i.e., searching for arguments on the Web, argument generation and synthesis, and assessing the quality of arguments with respect to specific criteria like persuasiveness. In this chapter, we start by describing the classic argument mining tasks, and then we present the new tasks proposed lately in the literature. We discuss the obtained results in the area from a data-driven perspective. An open discussion highlights the main weaknesses suffered by the existing work in the literature, and proposes open challenges to be faced in the future.","Cabrio, Elena",2022,JOURNAL OF APPLIED LOGICS-IFCOLOG JOURNAL OF LOGICS AND THEIR APPLICATIONS,,,0,Article,,,,savedrecs.csv,0,,True,True,0.91,1,2,False,False,0,Argument-mining context detected.; Component analysis terms (1).; Relation/linking terms (2).; Explicit 'component + relation' (multi-step).,,unknown,,False,False,A_DATA-INFORMED_ANALYSIS_OF_ARGUMENT_MINING_2022.pdf
Assessing Argument-based Natural Language Explanations in Medical Text,"Natural language explanations are attracting increasing attention in the eXplainable AI context given their ability to elucidate human and artificial decision making processes. These kinds of explanations are particularly relevant in sensitive scenarios like medicine, law and defence. However, these explanations may be constructed in different ways, depending on the overall purpose they are employed for. In this paper, we propose a novel approach to characterize natural language explanations from an argumentation perspective. The proposed architecture is composed of a first module addressing an end-to-end argument mining pipeline to identify argument components and relations, then, a second module analyzing the resulting argumentation graphs to identify patterns which caracterize explanations from an argumentation viewpoint. The experimental setting relies on the Casimedicos dataset of clinical cases. Obtained results show that the proposed approach is a promising solution towards applying AI in education with the aim to demonstrate to medical residents how to improve their explanations for a given diagnosis so as to increase patients' understanding of clinical deliberations.","Molinet, Benjamin; Cabrio, Elena; Villata, Serena",2025,40TH ANNUAL ACM SYMPOSIUM ON APPLIED COMPUTING,10.1145/3672608.3707811,,0,Proceedings Paper,,,,savedrecs.csv,0,,True,True,1.12,4,2,True,True,1,Argument-mining context detected.; Component analysis terms (4).; Relation/linking terms (2).; Pipeline/multi-stage phrasing.; Explicit 'component + relation' (multi-step).; Data/Corpus mention (1).,,likely_institutional_access,,False,True,Assessing_Argument-based_Natural_Language_Explanations_in_Medical_Text_2025.pdf
Structured argumentation modeling and extraction: Understanding the semantics of parliamentary content,"In information overload scenarios, the volume, structure and complexity of generated data represent a challenge that hinders the content comprehension. Aiming to overcome these dissuasive issues, the modeling and extraction of arguments in textual content has become a prominent topic in the information retrieval field. In this paper, we propose a new argumentation model, where different semantic components and their relationships are considered. Our proposal aims to enhance state of the art approaches, which limit their scope to identifying chunks of text as argumentative or not, leading to large amounts of texts left unanalyzed. The presented model, differently to domain-specific corpus methods, is designed to enable a generic, cross-lingual semantic annotation that promotes reusability. As a proof of concept, the model is exemplified in a case study for an e-government platform intended to annotate semantically, and provide information retrieval and filtering functionalities on content produced in the Spanish Parliament. Copyright © 2020 for this paper by its authors. Use permitted under Creative Commons License Attribution 4.0 International (CC BY 4.0).",Quijano-Sánchez L.; Cantador I.,2020,CEUR Workshop Proceedings,,,0,Conference paper,,Argument Mining; Parliamentary Content; Semantic Annotation,https://www.scopus.com/inward/record.uri?eid=2-s2.0-85090505091&partnerID=40&md5=30e9db7b2423884e32063abb5b3fbd1c,scopus(3).csv,0,,True,True,0.98,2,2,False,True,1,Argument-mining context detected.; Component analysis terms (2).; Relation/linking terms (2).; Explicit 'component + relation' (multi-step).; Data/Corpus mention (1).,scopus.com,unknown,,False,False,Structured_argumentation_modeling_and_extraction_Understanding_the_semantics_of_parliamentary_content_2020.pdf
Efficient Argument Classification with Compact Language Models and ChatGPT-4 Refinements,"Argument mining (AM) is defined as the task of automatically identifying and extracting argumentative components (e.g. premises, claims, etc.) and detecting the existing relations among them (i.e., support, attack, no relations). Deep learning models enable us to analyze arguments more efficiently than traditional methods and extract their semantics. This paper presents comparative studies between a few deep learning-based models in argument mining. The work concentrates on argument classification. The research was done on a wide spectrum of datasets (Args.me, UKP, US2016). The main novelty of this paper is the ensemble model which is based on BERT architecture and ChatGPT-4 as fine tuning model. The presented results show that BERT+ChatGPT-4 outperforms the rest of the models including other Transformer-based and LSTM-based models. The observed improvement is, in most cases, greater than 10%. The presented analysis can provide crucial insights into how the models for argument classification should be further improved. Additionally, it can help develop a prompt-based algorithm to eliminate argument classification errors.","Pietron, Marcin; Olszowski, Rafal; Gomulka, Jakub",2024,"COMPUTATIONAL COLLECTIVE INTELLIGENCE, PT I, ICCCI 2024",10.1007/978-3-031-70816-9_20,,0,Proceedings Paper,,,,savedrecs.csv,0,,True,True,1.02,4,4,False,True,3,Argument-mining context detected.; Component analysis terms (4).; Relation/linking terms (4).; Explicit 'component + relation' (multi-step).; Data/Corpus mention (3).,,likely_institutional_access,,False,True,Efficient_Argument_Classification_with_Compact_Language_Models_and_ChatGPT-4_Refinements_2024.pdf
Data and models for stance and premise detection in COVID-19 tweets: Insights from the Social Media Mining for Health (SMM4H) 2022 shared task,"The COVID-19 pandemic has sparked numerous discussions on social media platforms, with users sharing their views on topics such as mask-wearing and vaccination. To facilitate the evaluation of neural models for stance detection and premise classification, we organized the Social Media Mining for Health (SMM4H) 2022 Shared Task 2. This competition utilized manually annotated posts on three COVID-19-related topics: school closures, stay-at-home orders, and wearing masks. In this paper, we extend the previous work and present newly collected data on vaccination from Twitter to assess the performance of models on a different topic. To enhance the accuracy and effectiveness of our evaluation, we employed various strategies to aggregate tweet texts with claims, including models with feature-level (early) fusion and dual-view architectures from the SMM4H 2022 Task 2 leaderboard. Our primary objective was to create a valuable dataset and perform an extensive experimental evaluation to support future research in argument mining in the health domain. © 2023",Davydova V.; Yang H.; Tutubalina E.,2024,Journal of Biomedical Informatics,10.1016/j.jbi.2023.104555,All Open Access; Bronze Open Access; Green Open Access,0,Article,,Argument mining; COVID-19 tweets; Natural language processing; Opinion mining; Premise detection; Stance detection,https://www.scopus.com/inward/record.uri?eid=2-s2.0-85180417865&doi=10.1016%2fj.jbi.2023.104555&partnerID=40&md5=c6ddd871875e0cc8a06ffcac4ce0fbda,scopus(3).csv,0,True,True,True,0.96,2,1,False,True,2,Argument-mining context detected.; Component analysis terms (2).; Relation/linking terms (1).; Explicit 'component + relation' (multi-step).; Data/Corpus mention (2).,scopus.com,open_access,,False,False,Data_and_models_for_stance_and_premise_detection_in_COVID-19_tweets_Insights_from_the_Social_Media_Mining_for_Health_SMM_2024.pdf
Dimensionality Reduction for Machine Learning-based Argument Mining,"Recent approaches to argument mining have focused on training machine learning algorithms from annotated text corpora, utilizing as input high-dimensional linguistic feature vectors. Differently to previous work, in this paper, we preliminarily investigate the potential benefits of reducing the dimensionality of the input data. Through an empirical study, testing SVD, PCA and LDA techniques on a new argumentative corpus in Spanish for an underexplored domain (e-participation), and using a novel, rich argument model, we show positive results in terms of both computation efficiency and argumentative information extraction effectiveness, for the three major argument mining tasks: argumentative fragment detection, argument component classification, and argumentative relation recognition. On a space with dimension around 3-4% of the number of input features, the argument mining methods are able to reach 95-97% of the performance achieved by using the entire corpus, and even surpass it in some cases.  © 2023 Association for Computational Linguistics.",Segura-Tinoco A.; Cantador I.,2023,"EMNLP 2023 - 10th Workshop on Argument Mining, ArgMining 2023 - Proceedings",,,0,Conference paper,,,https://www.scopus.com/inward/record.uri?eid=2-s2.0-85184850141&partnerID=40&md5=b7ef36cd95c6191a7f61a9fd0cb09e50,scopus(3).csv,0,,True,True,0.96,2,1,False,True,2,Argument-mining context detected.; Component analysis terms (2).; Relation/linking terms (1).; Explicit 'component + relation' (multi-step).; Data/Corpus mention (2).,scopus.com,unknown,,False,False,Dimensionality_Reduction_for_Machine_Learning-based_Argument_Mining_2023.pdf
OpenDebateEvidence: A Massive-Scale Argument Mining and Summarization Dataset,"We introduce OpenDebateEvidence, a comprehensive dataset for argument mining and summarization sourced from the American Competitive Debate community. This dataset includes over 3.5 million documents with rich metadata, making it one of the most extensive collections of debate evidence. OpenDebateEvidence captures the complexity of arguments in high school and college debates, providing valuable resources for training and evaluation. Our extensive experiments demonstrate the efficacy of fine-tuning state-of-the-art large language models for argumentative abstractive summarization across various methods, models, and datasets. By providing this comprehensive resource, we aim to advance computational argumentation and support practical applications for debaters, educators, and researchers. OpenDebateEvidence is publicly available to support further research and innovation in computational argumentation. Access it here: https://huggingface.co/datasets/Yusuf5/OpenCaselist. © 2024 Neural information processing systems foundation. All rights reserved.",Roush A.; Shabazz Y.; Balaji A.; Zhang P.; Mezza S.; Zhang M.; Basu S.; Vishwanath S.; Fatemi M.; Ziv R.S.,2024,Advances in Neural Information Processing Systems,,,0,Conference paper,,,https://www.scopus.com/inward/record.uri?eid=2-s2.0-105000543886&partnerID=40&md5=c29b4c54220c1720c07daba8e27cb495,scopus(3).csv,0,,True,True,0.94,1,1,False,True,2,Argument-mining context detected.; Component analysis terms (1).; Relation/linking terms (1).; Explicit 'component + relation' (multi-step).; Data/Corpus mention (2).,scopus.com,unknown,,False,False,OpenDebateEvidence_A_Massive-Scale_Argument_Mining_and_Summarization_Dataset_2024.pdf
On the extraction and use of arguments in recommender systems: A case study in the e-participation domain,"In this paper, we present ongoing work on the automatic extraction of arguments from textual content, and on the use of interconnected argument structures by recommender systems. Differently to the majority of existing argument mining methods -which only consider 'premise' and 'claim' as the components of an argument, and 'support' and 'attack' as the possible relations between argument components-, we propose an argumentation model based on a detailed taxonomy of argumentative relations. Moreover, we provide a lexicon of English and Spanish linguistic connectors categorized in our taxonomy. As a proof of concept, we apply a simple, yet effective method that makes use of the built taxonomy and lexicon to extract argument graphs from citizen proposals and debates of an e-participation platform. We then describe how the extracted graphs could be exploited to generate and explain argument-based recommendations. © 2021 Copyright for this paper by its authors. Use permitted under Creative Commons License Attribution 4.0 International (CC BY 4.0).",Segura-Tinoco A.; Cantador I.,2021,CEUR Workshop Proceedings,,,0,Conference paper,,Argument mining; Argument-based recommender systems; E-government; Natural language processing; Recommendation explanations,https://www.scopus.com/inward/record.uri?eid=2-s2.0-85116889123&partnerID=40&md5=9f4ca1021af26010518b20f3bde4d5b6,scopus(3).csv,0,,True,True,0.97,6,4,False,False,0,Argument-mining context detected.; Component analysis terms (6).; Relation/linking terms (4).; Explicit 'component + relation' (multi-step).,scopus.com,unknown,,False,False,On_the_extraction_and_use_of_arguments_in_recommender_systems_A_case_study_in_the_e-participation_domain_2021.pdf
ArgueMapper Assistant: Interactive Argument Mining Using Generative Language Models,"Structured arguments are a valuable resource for analyzing and understanding complex topics. However, manual annotation is time-consuming and often not feasible for large datasets, and automated approaches are less accurate. To address this issue, we propose an interactive argument mining system that takes advantage of generative language models to support humans in the creation of argument graphs. We present the open source ArgueMapper Assistant featuring two prompting strategies and evaluate it on a real-world news dataset. The resulting corpus containing 88 argument graphs is publicly available as well. With generative models, the annotation time is reduced by about 20% while the number of errors is slightly increased (mostly due to missing argumentative units and wrong relation types). A survey provides insights into the usefulness and reliability of the assistant features and shows that participants prefer to use the assistant in the future. © The Author(s), under exclusive license to Springer Nature Switzerland AG 2025.",Lenz M.; Bergmann R.,2025,Lecture Notes in Computer Science (including subseries Lecture Notes in Artificial Intelligence and Lecture Notes in Bioinformatics) ,10.1007/978-3-031-77915-2_14,,0,Conference paper,,Argument Graphs; Argument Mining; Data Annotation; Interactive Systems; Large Language Models,https://www.scopus.com/inward/record.uri?eid=2-s2.0-85211493763&doi=10.1007%2f978-3-031-77915-2_14&partnerID=40&md5=87af978de2b1325f3b055f3a5cb9551d,scopus(3).csv,0,,True,True,1.0,3,2,False,True,3,Argument-mining context detected.; Component analysis terms (3).; Relation/linking terms (2).; Explicit 'component + relation' (multi-step).; Data/Corpus mention (3).,scopus.com,likely_institutional_access,,False,True,ArgueMapper_Assistant_Interactive_Argument_Mining_Using_Generative_Language_Models_2025.pdf
An Analysis of Linear Argumentation Structure of Korean Debate Texts Using Sequential Modeling and Linguistic Features,"Current studies on argument mining provide tree-structured argumentation structures based on relational nuclearities and discourse relations between sentences in each document. In this case, inconsistencies between related sentences may occur, constructing a full argumentation structure for a document by the bottom-up method. This paper introduces relations between the topic of texts and sentences to provide a frame of argumentation structure. Automatic analysis of argumentation structure uses contextual information from documents, as argument types defined for each sentence are applied to the sequential model. In this paper, we vectorized sentences using bag-of-words of morphemes, word embedding of morphemes, and some linguistic features extracted from the sentence respectively, and used those vectors as inputs of models to predict argument types in the document.As a result, the combination of linguistic features and the sequential model revealed the best result in the experiment, showing 0.68 as the f1-score.","Lee,, Sangah; Hyopil, Shin，",2018,Journal of KIISE,10.5626/JOK.2018.45.12.1292,,0,research-article,,,,savedrecs.csv,0,,True,True,0.69,0,2,True,False,0,Argument-mining context detected.; Relation/linking terms (2).; Pipeline/multi-stage phrasing.,,unknown,,False,False,An_Analysis_of_Linear_Argumentation_Structure_of_Korean_Debate_Texts_Using_Sequential_Modeling_and_Linguistic_Features_2018.pdf
A Unified Representation and Deep Learning Architecture for Argumentation Mining of Students' Persuasive Essays,"We develop a novel unified representation for the argumentation mining task facilitating the extracting from text and the labelling of the non-argumentative units and argumentation components-premises, claims, and major claims-and the argumentative relations-premise to claim or premise in a support or attack relation, and claim to major-claim in a for or against relation-in an end-to-end machine learning pipeline. This tightly integrated representation combines the component and relation identification sub-problems and enables a unitary solution for detecting argumentation structures. This new representation together with a new deep learning architecture composed of a mixed embedding method, a multi-head attention layer, two biLSTM layers, and a final linear layer obtain state-of-the-art accuracy on the Persuasive Essays dataset. An augmentation of the corpus (Paragraph version) by including copies of major claims has further increased the performance. © 2022 Copyright for this paper by its authors.",Sazid M.T.; Mercer R.E.,2021,CEUR Workshop Proceedings,,,0,Conference paper,,argumentation mining sub-tasks; data augmentation; deep learning model; natural language processing; unified representation; word embeddings,https://www.scopus.com/inward/record.uri?eid=2-s2.0-85138274247&partnerID=40&md5=5aa31165d739e8ee1e2d5994c90ee3c7,scopus(3).csv,0,,True,True,1.12,8,4,True,True,3,Argument-mining context detected.; Component analysis terms (8).; Relation/linking terms (4).; Pipeline/multi-stage phrasing.; Explicit 'component + relation' (multi-step).; Data/Corpus mention (3).,scopus.com,unknown,,False,False,A_Unified_Representation_and_Deep_Learning_Architecture_for_Argumentation_Mining_of_Students_Persuasive_Essays_2021.pdf
Argumentation Mining of Chinese Online Reviews with Pre-training and Pointer Networks,"The Internet has generated a large amount of unstructured online texts that contain a large amount of argumentative content. How to automatically extract the argumentative contents from these online texts is an important issue. First, a corpus of argumentation about Chinese online current affairs reviews is built. The existing argumentation annotation scheme is also modified by adding two additional types of elements, ""central conclusion"" and ""intermediate conclusion"", and their corresponding argumentation relations to reflect the more complex structure of the long review texts. The pre-trained large models are used to identify and classify the argumentative elements in these texts. Then, the penultimate hidden state of the best model is used as the input of the pointer network for argumentative elements relationship identification. The experimental results display that the ""pre-trained large model + pointer network"" model improves the performance of the existing models. © 2023 SPIE.",Xianyu B.; Mao M.,2023,Proceedings of SPIE - The International Society for Optical Engineering,10.1117/12.2685349,,0,Conference paper,,annotation; argumentation mining; argumentative elements relationship; pointer networks; pre-training,https://www.scopus.com/inward/record.uri?eid=2-s2.0-85171298879&doi=10.1117%2f12.2685349&partnerID=40&md5=efc316fc872166dfa1e5b805ce90a957,scopus(3).csv,0,,True,True,0.96,1,2,False,True,1,Argument-mining context detected.; Component analysis terms (1).; Relation/linking terms (2).; Explicit 'component + relation' (multi-step).; Data/Corpus mention (1).,scopus.com,unknown,,False,False,Argumentation_Mining_of_Chinese_Online_Reviews_with_Pre-training_and_Pointer_Networks_2023.pdf
Approach to Building a Dataset for the Problem of Extracting Argumentative Relations,"Abstract: The paper addresses data generation methods for training neural network models and solving problems of argument mining. Data preparation includes the creation of an annotated corpus and the generation of a dataset for a specific task and the selected training model. Corpora annotated manually by experts can be augmented with synthetic text data derived from paraphrasing or back-translating the texts of the base corpus. A specific feature of the task of generating a dataset is the need to identify components in the text and indicate their role in the argument (premise, thesis, counterargument). The role of argumentation indicators in the problem of data preparation is discussed and a statistical study of the information content of indicators on the prepared ArgNet corpus is carried out. © Pleiades Publishing, Ltd. 2024. ISSN 1054-6618, Pattern Recognition and Image Analysis, 2024, Vol. 34, No. 3, pp. 515–522. Pleiades Publishing, Ltd., 2024.",Sidorova E.A.; Zagorulko Y.A.; Kononenko I.S.; Sery A.S.; Chagina P.M.,2024,Pattern Recognition and Image Analysis,10.1134/S1054661824700299,,0,Article,,annotated data creation; argument mining; argumentation indicators; argumentative relations; dataset; text segmentation,https://www.scopus.com/inward/record.uri?eid=2-s2.0-85206801665&doi=10.1134%2fS1054661824700299&partnerID=40&md5=2472687479473776bd7caeb8acf5e2db,scopus(3).csv,0,,True,True,1.0,3,2,False,True,4,Argument-mining context detected.; Component analysis terms (3).; Relation/linking terms (2).; Explicit 'component + relation' (multi-step).; Data/Corpus mention (4).,scopus.com,unknown,,False,False,Approach_to_Building_a_Dataset_for_the_Problem_of_Extracting_Argumentative_Relations_2024.pdf
Parsing Graphical Summaries from Argumentative Dialogues,"In this paper, we introduce a novel Argument Mining task based on the existing task of Argument Structure Parsing (ASP). Our new task, which we call ASG Parsing, is the task of generating Argument Summary Graphs (ASGs) from dialogical argumentative text. We release a dataset containing ASGs, a type of graphical summary for argumentative dialogues, in which the nodes are summaries of statements and the edges are the argumentative relations between them (support or attack). We approach the problem with two different LLM-based solutions: (a) a pipeline system involving two models separately fine-tuned for summarisation and stance detection; and (b) an end-to-end system based on the TANL (Translation between Augmented Natural Languages) framework [1]. We show that the TANL approach outperforms the pipeline approach across the board. We also show that, for all systems, performance degrades as the depth of the graphs increases. © 2024 The Authors.",Clayton J.; Damonte M.; Gaizauskas R.,2024,Frontiers in Artificial Intelligence and Applications,10.3233/FAIA240308,,0,Conference paper,,Argument Mining; Stance Detection; Summarisation; TANL,https://www.scopus.com/inward/record.uri?eid=2-s2.0-85217026729&doi=10.3233%2fFAIA240308&partnerID=40&md5=5a5c26aa7edc7a0a8e14dc141bc6d7cb,scopus(3).csv,0,,True,True,0.82,0,6,True,True,2,Argument-mining context detected.; Relation/linking terms (6).; Pipeline/multi-stage phrasing.; Data/Corpus mention (2).,scopus.com,unknown,,False,False,Parsing_Graphical_Summaries_from_Argumentative_Dialogues_2024.pdf
"Query Expansion, Argument Mining and Document Scoring for an Efficient Question Answering System","In the current world, individuals are faced with decision making problems and opinion formation processes on a daily basis. Nevertheless, answering a comparative question by retrieving documents based only on traditional measures (such as TF-IDF and BM25) does not always satisfy the need. In this paper, we propose a multi-layer architecture to answer comparative questions based on arguments. Our approach consists of a pipeline of query expansion, argument mining model, and sorting of the documents by a combination of different ranking criteria. Given the crucial role of the argument mining step, we examined two models: Disti1BERT and an ensemble learning approach using stacking of SVM and Disti1BERT. We compare the results of both models using two argumentation corpora on the level of argument identification task, and further using the dataset of CLEF 2021 Touche Lab shared task 2 on the level of answering comparative questions.","Alhamzeh, Alaa; Bouhaouel, Mohamed; Egyed-Zsigmond, Elod; Mitrovic, Jelena; Brunie, Lionel; Kosch, Harald",2022,"EXPERIMENTAL IR MEETS MULTILINGUALITY, MULTIMODALITY, AND INTERACTION (CLEF 2022)",10.1007/978-3-031-13643-6_13,,0,Proceedings Paper,,,,savedrecs.csv,0,,True,True,0.7,0,0,True,True,3,Argument-mining context detected.; Pipeline/multi-stage phrasing.; Data/Corpus mention (3).,,likely_institutional_access,,False,True,Query_Expansion_Argument_Mining_and_Document_Scoring_for_an_Efficient_Question_Answering_System_2022.pdf
Opinion argumentation based on combined Information Retrieval and topic modeling,"Argumentation mining is a text mining task, which aims at automatically detecting the argumentative structure concealed in a huge amount of text data. Previous researches in this field have focused on the classification of text sentences as arguments and the detection of relations between them. Different corpora have been used, such as newspaper articles and online debates. Due to the explosion of social networks, mi-croblogging platforms like Twitter and Facebook have become interesting tools to evaluate public opinion on different domains. In this work, we propose a new pipeline process to achieve the goal of argumentation mining, based on 70 millions of twitter-microblogs released from MC2 CLEF-2018 lab dealing with cultural events. Our approach is based on Information Retrieval protocol combined with sentiment analysis and topic modeling using Latent Dirichlet Allocation (LDA).",Sendi S.; Latiri C.,2018,CEUR Workshop Proceedings,,,0,Conference paper,,Information retrieval; Opinion mining; Topic modeling,https://www.scopus.com/inward/record.uri?eid=2-s2.0-85051062046&partnerID=40&md5=1dade442abeb8214b0e5007320026aba,scopus(3).csv,0,,True,True,0.74,0,2,True,True,1,Argument-mining context detected.; Relation/linking terms (2).; Pipeline/multi-stage phrasing.; Data/Corpus mention (1).,scopus.com,unknown,,False,False,Opinion_argumentation_based_on_combined_Information_Retrieval_and_topic_modeling_2018.pdf
Modeling Financial Opinions,"In this chapter we lay out the primary background of a financial opinion and the relation between opinions and financial instruments. Together, these constitute an overall picture of opinion-based market interaction. Following this discussion we propose several research issues. First, in Sect. 2.1, we discuss the components in a financial opinion one by one, as well as potential research directions; we also explain why we need to extract components and estimate their quality (or influence). After recognizing the components in an opinion, in Sect. 2.2 we identify the relationship between components based on the notions of argument mining. Then, in Sect. 2.3, we present how argumentation structures between financial opinions are formed by linking each opinion structure. We close the chapter in Sect. 2.4 with the interaction between the financial market and opinions.","Chen, Chung-Chi; Huang, Hen-Hsen; Chen, Hsin-Hsi",2021,FROM OPINION MINING TO FINANCIAL ARGUMENT MINING,10.1007/978-981-16-2881-8_2,,0,Article; Book Chapter,,,,savedrecs.csv,0,,True,True,0.97,2,4,False,False,0,Argument-mining context detected.; Component analysis terms (2).; Relation/linking terms (4).; Explicit 'component + relation' (multi-step).,,likely_institutional_access,,False,True,Modeling_Financial_Opinions_2021.pdf
Argument Mining with Fine-Tuned Large Language Models,"An end-to-end argument mining (AM) pipeline takes a text as input and provides its argumentative structure as output by identifying and classifying the argument units and argument relations in the text. In this work, we approach AM using fine-tuned large language models (LLMs). We model the three main sub-tasks of the AM pipeline, as well as their joint formulation, as text generation tasks. We fine-tune eight popular quantized and non-quantized LLMs - LLaMA-3, LLaMA-3.1, Gemma-2, Mistral, Phi-3, Qwen-2 - which are among the most capable open-weight models, on the benchmark PE, AbstRCT, and CDCP datasets that represent diverse data sources. Our approach achieves state-of-the-art results across all AM sub-tasks and datasets, showing significant improvements over previous benchmarks. © 2025 Association for Computational Linguistics.",Cabessa J.; Hernault H.; Mushtaq U.,2025,"Proceedings - International Conference on Computational Linguistics, COLING",,,0,Conference paper,,,https://www.scopus.com/inward/record.uri?eid=2-s2.0-85218499969&partnerID=40&md5=7e7812f2a02a673b4bea0ac7cbd94143,scopus(3).csv,0,,True,True,1.12,3,4,True,True,5,Argument-mining context detected.; Component analysis terms (3).; Relation/linking terms (4).; Pipeline/multi-stage phrasing.; Explicit 'component + relation' (multi-step).; Data/Corpus mention (5).,scopus.com,unknown,,False,False,Argument_Mining_with_Fine-Tuned_Large_Language_Models_2025.pdf
Argumentation mining: classifying argumentation components with Partial Tree Kernel and Support Vector Machine for constituent trees on imbalanced persuasive essay,"Argumentation Mining is a method that automatically identified an argument structure in a text document. The structure of this argument consists of several components that become very important to evaluate itself. This study builds a classification system of 3 classes of argumentation components on persuasive essays so that the data is multi-class using Tree Kernel which is part of the pre-processing and Support Vector Machine as a tool for grouping this text. This research is an adaptation of research conducted by Lippi and Torroni where they used 2 classes to get 74.6% precision, recall 68.4% and F1-score 71.4%, while this study used 3 classes of argument class and managed to get a precision value of 79%, recall 78% and F1-score 74% by using the Sampling Method to overcome the problem of the amount of data imbalance.","Kusmantini, H. A.; Asror, I; Bijaksana, M. A.",2019,2ND INTERNATIONAL CONFERENCE ON DATA AND INFORMATION SCIENCE,10.1088/1742-6596/1192/1/012009,,0,Proceedings Paper,,,,savedrecs.csv,0,,True,True,0.96,2,1,False,True,1,Argument-mining context detected.; Component analysis terms (2).; Relation/linking terms (1).; Explicit 'component + relation' (multi-step).; Data/Corpus mention (1).,,unknown,,False,False,Argumentation_mining_classifying_argumentation_components_with_Partial_Tree_Kernel_and_Support_Vector_Machine_for_consti_2019.pdf
Assisted Debate Builder with Large Language Models,"We introduce ADBL2, an assisted debate builder tool.It is based on the capability of large language models to generalise and perform relation-based argument mining in a wide-variety of domains.It is the first open-source tool that leverages relation-based mining for (1) the verification of pre-established relations in a debate and (2) the assisted creation of new arguments by means of large language models.ADBL2 is highly modular and can work with any open-source large language models that are used as plugins.As a by-product, we also provide the first fine-tuned Mistral-7B large language model for relation-based argument mining, usable by ADBL2, which outperforms existing approaches for this task with an overall F1-score of 90.59% across all domains. © 2024 The Authors.",Faugier E.; Armetta F.; Bonifati A.; Yun B.,2024,Frontiers in Artificial Intelligence and Applications,10.3233/FAIA241026,All Open Access; Green Open Access; Hybrid Gold Open Access,0,Conference paper,,,https://www.scopus.com/inward/record.uri?eid=2-s2.0-85216667258&doi=10.3233%2fFAIA241026&partnerID=40&md5=cd110d9e60d5977144e4710ec9d289d6,scopus(3).csv,0,True,True,True,0.69,0,2,True,False,0,Argument-mining context detected.; Relation/linking terms (2).; Pipeline/multi-stage phrasing.,scopus.com,open_access,,False,False,Assisted_Debate_Builder_with_Large_Language_Models_2024.pdf
Two-Phase Shallow Semantic Parsing based on Partial Syntactic Parsing,"A shallow semantic parsing system analyzes the relationship that a syntactic constituent of the sentence has with a predicate. It identifies semantic arguments representing agent, patient, instrument, etc. of the predicate. In this study, we propose a two-phase shallow semantic parsing model which consists of the identification phase and the classification phase. We first find the boundary of semantic arguments from partial syntactic parsing results, and then assign appropriate semantic roles to the identified semantic arguments. By taking the sequential two-phase approach, we can alleviate the unbalanced class distribution problem, and select the features appropriate for each task. Experiments show the relative contribution of each phase on the test data.","Youngsong, Mun; 박경미",2010,KIPS Transactions on Software and Data Engineering,,,0,research-article,,,,savedrecs.csv,0,,True,True,0.69,0,2,True,False,0,Argument-mining context detected.; Relation/linking terms (2).; Pipeline/multi-stage phrasing.,,unknown,,False,False,Two-Phase_Shallow_Semantic_Parsing_based_on_Partial_Syntactic_Parsing_2010.pdf
Argumentative Analysis on Persuasive Essays,"In this paper, we propose a novel methodology to parse the argumentative structures. Firstly, the essays are of the type persuasive essays. They are divided into tokens. Here now we apply new model to detect the argumentative structures. Integer linear programming is used as the proposed model to optimize types of argument components and their argumentative relations. This model will increase the efficiency of the performance of base classifiers and also outperforms the heuristic baselines. Here the corpus is consisting of the persuasive essays having annotated schemes. The corpus is the open source and made available.","Kantesaria, Mahek; Sandhya, P.",2018,PROCEEDINGS OF THE 2018 INTERNATIONAL CONFERENCE ON RECENT TRENDS IN ADVANCED COMPUTING (ICRTAC-CPS 2018),,,0,Proceedings Paper,,,,savedrecs.csv,0,,True,True,1.02,4,2,False,True,2,Argument-mining context detected.; Component analysis terms (4).; Relation/linking terms (2).; Explicit 'component + relation' (multi-step).; Data/Corpus mention (2).,,unknown,,False,False,Argumentative_Analysis_on_Persuasive_Essays_2018.pdf
Incorporating Task-Specific Features into End-to-End Models to Extract Argument Structures from Natural Language Corpora,,"Xue, Linting",2020,,,,0,Dissertation/Thesis,,,,savedrecs.csv,0,,True,True,0.7,0,0,True,True,1,Argument-mining context detected.; Pipeline/multi-stage phrasing.; Data/Corpus mention (1).,,unknown,,False,False,Incorporating_Task-Specific_Features_into_End-to-End_Models_to_Extract_Argument_Structures_from_Natural_Language_Corpora_2020.pdf
